op,dir,params,grid,block,flops,bytes,rStartTime,rEndTime,kStartTime,kEndTime,staticSharedMemory,space,space1,seq,kernels,rduration,kduration,batch,h,w,input_type
203,1,"[32, 3, 384, 384, 64, 192, 192, 7, 7, 3, 3, 2, 2, 1, 1, 1, 4, 0, 0, 0, 0, 0, 0, 0, 0, 0, 0, 0, 0, 0]",9216,256,22196256768.0,358650624.0,1420498865,1420526216,1551165674,1555852015,16384,118750,117726,133275,2,24759,4685317,32,384,384,1
205,1,"[4, 0, 0, 0, 0, 0, 0, 0, 0, 0, 0, 0, 0, 0, 0, 4, 0, 0, 0, 0, 0, 0, 0, 0, 0, 0, 0, 0, 0, 0]",64,512,603979776.0,1207959552.0,1555952630,1556333096,1555969741,1560784241,144,360411,799,133276,2,36039,4454888,32,384,384,1
152,1,"[4, 32, 64, 192, 192, 0, 0, 0, 0, 0, 0, 0, 0, 0, 0, 0, 0, 0, 0, 0, 0, 0, 0, 0, 0, 0, 0, 0, 0, 0]",147456,128,75497472.0,603979776.0,1556540105,1556555769,1560785040,1563278929,0,1024,1024,133277,1,15664,2493889,32,384,384,1
183,1,"[4, 32, 64, 192, 192, 0, 0, 0, 0, 0, 0, 0, 0, 0, 0, 0, 0, 0, 0, 0, 0, 0, 0, 0, 0, 0, 0, 0, 0, 0]",73728,256,0.0,0.0,1556787980,1556802632,1563279953,1565529748,0,896,896,133278,1,14652,2249795,32,384,384,1
203,1,"[32, 64, 96, 96, 64, 96, 96, 3, 3, 1, 1, 1, 1, 1, 1, 1, 4, 0, 0, 0, 0, 0, 0, 0, 0, 0, 0, 0, 0, 0]",5184,256,21743271936.0,151142400.0,1557036343,1557101974,1565530644,1569351171,22656,80064,76672,133279,4,39781,3817135,32,384,384,1
205,1,"[4, 0, 0, 0, 0, 0, 0, 0, 0, 0, 0, 0, 0, 0, 0, 4, 0, 0, 0, 0, 0, 0, 0, 0, 0, 0, 0, 0, 0, 0]",64,512,150994944.0,301989888.0,1569414689,1569794967,1569427843,1570876080,144,364667,992,133280,2,31568,1084562,32,384,384,1
152,1,"[4, 32, 64, 96, 96, 0, 0, 0, 0, 0, 0, 0, 0, 0, 0, 0, 0, 0, 0, 0, 0, 0, 0, 0, 0, 0, 0, 0, 0, 0]",36864,128,18874368.0,150994944.0,1570023991,1570038768,1570877072,1571500232,0,864,864,133281,1,14777,623160,32,384,384,1
203,1,"[32, 64, 96, 96, 64, 96, 96, 3, 3, 1, 1, 1, 1, 1, 1, 1, 4, 0, 0, 0, 0, 0, 0, 0, 0, 0, 0, 0, 0, 0]",5184,256,21743271936.0,151142400.0,1570266844,1570328657,1571501096,1575335736,22656,77215,74431,133282,4,37839,3831856,32,384,384,1
205,1,"[4, 0, 0, 0, 0, 0, 0, 0, 0, 0, 0, 0, 0, 0, 0, 4, 0, 0, 0, 0, 0, 0, 0, 0, 0, 0, 0, 0, 0, 0]",64,512,150994944.0,301989888.0,1575396686,1575768606,1575410167,1576845893,144,355899,864,133283,2,28515,1080691,32,384,384,1
35,1,"[4, 32, 64, 96, 96, 0, 0, 0, 0, 0, 0, 0, 0, 0, 0, 4, 32, 64, 96, 96, 0, 0, 0, 0, 0, 0, 0, 0, 0, 0]",36864,128,18874368.0,226492416.0,1575893707,1575907220,1576846757,1577759673,0,1024,1024,133284,1,13513,912916,32,384,384,1
152,1,"[4, 32, 64, 96, 96, 0, 0, 0, 0, 0, 0, 0, 0, 0, 0, 0, 0, 0, 0, 0, 0, 0, 0, 0, 0, 0, 0, 0, 0, 0]",36864,128,18874368.0,150994944.0,1576113016,1576125603,1577760697,1578380945,0,992,992,133285,1,12587,620248,32,384,384,1
203,1,"[32, 64, 96, 96, 64, 96, 96, 3, 3, 1, 1, 1, 1, 1, 1, 1, 4, 0, 0, 0, 0, 0, 0, 0, 0, 0, 0, 0, 0, 0]",5184,256,21743271936.0,151142400.0,1576356248,1576418073,1578381937,1582215713,22656,76063,73343,133286,4,37965,3831056,32,384,384,1
205,1,"[4, 0, 0, 0, 0, 0, 0, 0, 0, 0, 0, 0, 0, 0, 0, 4, 0, 0, 0, 0, 0, 0, 0, 0, 0, 0, 0, 0, 0, 0]",64,512,150994944.0,301989888.0,1582276259,1582662717,1582289056,1583734925,144,371131,960,133287,2,28223,1075698,32,384,384,1
152,1,"[4, 32, 64, 96, 96, 0, 0, 0, 0, 0, 0, 0, 0, 0, 0, 0, 0, 0, 0, 0, 0, 0, 0, 0, 0, 0, 0, 0, 0, 0]",36864,128,18874368.0,150994944.0,1582891391,1582906147,1583735885,1584359365,0,992,992,133288,1,14756,623480,32,384,384,1
203,1,"[32, 64, 96, 96, 64, 96, 96, 3, 3, 1, 1, 1, 1, 1, 1, 1, 4, 0, 0, 0, 0, 0, 0, 0, 0, 0, 0, 0, 0, 0]",5184,256,21743271936.0,151142400.0,1583136089,1583194543,1584360357,1588205204,22656,81471,78399,133289,4,34477,3841775,32,384,384,1
205,1,"[4, 0, 0, 0, 0, 0, 0, 0, 0, 0, 0, 0, 0, 0, 0, 4, 0, 0, 0, 0, 0, 0, 0, 0, 0, 0, 0, 0, 0, 0]",64,512,150994944.0,301989888.0,1588270787,1588789208,1588283603,1589857215,144,500474,1088,133290,2,32155,1074226,32,384,384,1
35,1,"[4, 32, 64, 96, 96, 0, 0, 0, 0, 0, 0, 0, 0, 0, 0, 4, 32, 64, 96, 96, 0, 0, 0, 0, 0, 0, 0, 0, 0, 0]",36864,128,18874368.0,226492416.0,1588918076,1588932555,1589858303,1590763540,0,928,928,133291,1,14479,905237,32,384,384,1
152,1,"[4, 32, 64, 96, 96, 0, 0, 0, 0, 0, 0, 0, 0, 0, 0, 0, 0, 0, 0, 0, 0, 0, 0, 0, 0, 0, 0, 0, 0, 0]",36864,128,18874368.0,150994944.0,1589141896,1589154855,1590764468,1591386572,0,1024,1024,133292,1,12959,622104,32,384,384,1
203,1,"[32, 64, 96, 96, 128, 48, 48, 3, 3, 1, 1, 2, 2, 1, 1, 1, 4, 0, 0, 0, 0, 0, 0, 0, 0, 0, 0, 0, 0, 0]",1152,256,10871635968.0,113541120.0,1589419606,1589449635,1591387596,1593650607,16384,73279,72159,133293,2,27300,2261891,32,384,384,1
205,1,"[4, 0, 0, 0, 0, 0, 0, 0, 0, 0, 0, 0, 0, 0, 0, 4, 0, 0, 0, 0, 0, 0, 0, 0, 0, 0, 0, 0, 0, 0]",128,512,75497472.0,150994944.0,1593709532,1594082519,1593722766,1594607747,144,357212,960,133294,2,27786,528729,32,384,384,1
152,1,"[4, 32, 128, 48, 48, 0, 0, 0, 0, 0, 0, 0, 0, 0, 0, 0, 0, 0, 0, 0, 0, 0, 0, 0, 0, 0, 0, 0, 0, 0]",18432,128,9437184.0,75497472.0,1594309882,1594324787,1594608707,1594919839,0,864,864,133295,1,14905,311132,32,384,384,1
203,1,"[32, 128, 48, 48, 128, 48, 48, 3, 3, 1, 1, 1, 1, 1, 1, 1, 4, 0, 0, 0, 0, 0, 0, 0, 0, 0, 0, 0, 0, 0]",2592,256,21743271936.0,76087296.0,1594562545,1594622044,1594920703,1597288577,22656,74527,71295,133296,4,35528,2364642,32,384,384,1
205,1,"[4, 0, 0, 0, 0, 0, 0, 0, 0, 0, 0, 0, 0, 0, 0, 4, 0, 0, 0, 0, 0, 0, 0, 0, 0, 0, 0, 0, 0, 0]",128,512,75497472.0,150994944.0,1597347390,1597716482,1597359872,1598243573,144,354332,1024,133297,2,27520,530393,32,384,384,1
203,1,"[32, 64, 96, 96, 128, 48, 48, 1, 1, 0, 0, 2, 2, 1, 1, 1, 4, 0, 0, 0, 0, 0, 0, 0, 0, 0, 0, 0, 0, 0]",576,256,1207959552.0,113278976.0,1597987852,1598014081,1598244597,1598617808,32768,72351,71327,133298,2,23673,372187,32,384,384,1
205,1,"[4, 0, 0, 0, 0, 0, 0, 0, 0, 0, 0, 0, 0, 0, 0, 4, 0, 0, 0, 0, 0, 0, 0, 0, 0, 0, 0, 0, 0, 0]",128,512,75497472.0,150994944.0,1598675908,1599062072,1598689135,1599589124,144,370459,992,133299,2,28472,530522,32,384,384,1
35,1,"[4, 32, 128, 48, 48, 0, 0, 0, 0, 0, 0, 0, 0, 0, 0, 4, 32, 128, 48, 48, 0, 0, 0, 0, 0, 0, 0, 0, 0, 0]",18432,128,9437184.0,113246208.0,1599189830,1599203384,1599590116,1600044766,0,928,928,133300,1,13554,454650,32,384,384,1
152,1,"[4, 32, 128, 48, 48, 0, 0, 0, 0, 0, 0, 0, 0, 0, 0, 0, 0, 0, 0, 0, 0, 0, 0, 0, 0, 0, 0, 0, 0, 0]",18432,128,9437184.0,75497472.0,1599413555,1599426328,1600045694,1600355322,0,864,864,133301,1,12773,309628,32,384,384,1
203,1,"[32, 128, 48, 48, 128, 48, 48, 3, 3, 1, 1, 1, 1, 1, 1, 1, 4, 0, 0, 0, 0, 0, 0, 0, 0, 0, 0, 0, 0, 0]",2592,256,21743271936.0,76087296.0,1599661845,1599721379,1600356186,1602722588,22656,81983,78943,133302,4,35804,2363362,32,384,384,1
205,1,"[4, 0, 0, 0, 0, 0, 0, 0, 0, 0, 0, 0, 0, 0, 0, 4, 0, 0, 0, 0, 0, 0, 0, 0, 0, 0, 0, 0, 0, 0]",128,512,75497472.0,150994944.0,1602788650,1603169433,1602801531,1603693968,144,365371,1120,133303,2,28485,528186,32,384,384,1
152,1,"[4, 32, 128, 48, 48, 0, 0, 0, 0, 0, 0, 0, 0, 0, 0, 0, 0, 0, 0, 0, 0, 0, 0, 0, 0, 0, 0, 0, 0, 0]",18432,128,9437184.0,75497472.0,1603401395,1603416085,1603695088,1604006252,0,1184,1184,133304,1,14690,311164,32,384,384,1
203,1,"[32, 128, 48, 48, 128, 48, 48, 3, 3, 1, 1, 1, 1, 1, 1, 1, 4, 0, 0, 0, 0, 0, 0, 0, 0, 0, 0, 0, 0, 0]",2592,256,21743271936.0,76087296.0,1603641738,1603700750,1604007436,1606362830,22656,75263,72351,133305,4,35113,2352482,32,384,384,1
205,1,"[4, 0, 0, 0, 0, 0, 0, 0, 0, 0, 0, 0, 0, 0, 0, 4, 0, 0, 0, 0, 0, 0, 0, 0, 0, 0, 0, 0, 0, 0]",128,512,75497472.0,150994944.0,1606423074,1606800171,1606435181,1607327394,144,362620,992,133306,2,27267,530585,32,384,384,1
35,1,"[4, 32, 128, 48, 48, 0, 0, 0, 0, 0, 0, 0, 0, 0, 0, 4, 32, 128, 48, 48, 0, 0, 0, 0, 0, 0, 0, 0, 0, 0]",18432,128,9437184.0,113246208.0,1606925805,1606939247,1607328386,1607783772,0,928,928,133307,1,13442,455386,32,384,384,1
152,1,"[4, 32, 128, 48, 48, 0, 0, 0, 0, 0, 0, 0, 0, 0, 0, 0, 0, 0, 0, 0, 0, 0, 0, 0, 0, 0, 0, 0, 0, 0]",18432,128,9437184.0,75497472.0,1607145624,1607158273,1607784700,1608094072,0,864,864,133308,1,12649,309372,32,384,384,1
203,1,"[32, 128, 48, 48, 256, 24, 24, 3, 3, 1, 1, 2, 2, 1, 1, 1, 4, 0, 0, 0, 0, 0, 0, 0, 0, 0, 0, 0, 0, 0]",576,256,10871635968.0,57802752.0,1607420225,1607449707,1608094936,1610369595,16384,74207,73087,133309,2,26861,2273539,32,384,384,1
205,1,"[4, 0, 0, 0, 0, 0, 0, 0, 0, 0, 0, 0, 0, 0, 0, 4, 0, 0, 0, 0, 0, 0, 0, 0, 0, 0, 0, 0, 0, 0]",256,512,37748736.0,75497472.0,1610430053,1610953548,1610442682,1611202641,144,508281,1087,133310,2,29276,252765,32,384,384,1
152,1,"[4, 32, 256, 24, 24, 0, 0, 0, 0, 0, 0, 0, 0, 0, 0, 0, 0, 0, 0, 0, 0, 0, 0, 0, 0, 0, 0, 0, 0, 0]",9216,128,4718592.0,37748736.0,1611182814,1611198096,1611203728,1611356942,0,82431,82431,133311,1,15282,153214,32,384,384,1
203,1,"[32, 256, 24, 24, 256, 24, 24, 3, 3, 1, 1, 1, 1, 1, 1, 1, 4, 0, 0, 0, 0, 0, 0, 0, 0, 0, 0, 0, 0, 0]",2048,256,21743271936.0,40108032.0,1611424485,1611487524,1611439373,1613205623,22656,71807,68415,133312,4,38759,1762858,32,384,384,1
205,1,"[4, 0, 0, 0, 0, 0, 0, 0, 0, 0, 0, 0, 0, 0, 0, 4, 0, 0, 0, 0, 0, 0, 0, 0, 0, 0, 0, 0, 0, 0]",256,512,37748736.0,75497472.0,1613261899,1613626484,1613274038,1613876110,144,385052,36032,133313,2,26691,253052,32,384,384,1
203,1,"[32, 128, 48, 48, 256, 24, 24, 1, 1, 0, 0, 2, 2, 1, 1, 1, 4, 0, 0, 0, 0, 0, 0, 0, 0, 0, 0, 0, 0, 0]",288,256,1207959552.0,56754176.0,1613896351,1613924967,1613912142,1614252906,32768,82271,72255,133314,2,26145,330748,32,384,384,1
205,1,"[4, 0, 0, 0, 0, 0, 0, 0, 0, 0, 0, 0, 0, 0, 0, 4, 0, 0, 0, 0, 0, 0, 0, 0, 0, 0, 0, 0, 0, 0]",256,512,37748736.0,75497472.0,1614313285,1614695920,1614325161,1614948033,144,368315,896,133315,2,26628,255453,32,384,384,1
35,1,"[4, 32, 256, 24, 24, 0, 0, 0, 0, 0, 0, 0, 0, 0, 0, 4, 32, 256, 24, 24, 0, 0, 0, 0, 0, 0, 0, 0, 0, 0]",9216,128,4718592.0,56623104.0,1614821213,1614834648,1614948929,1615177694,0,1120,1120,133316,1,13435,228765,32,384,384,1
152,1,"[4, 32, 256, 24, 24, 0, 0, 0, 0, 0, 0, 0, 0, 0, 0, 0, 0, 0, 0, 0, 0, 0, 0, 0, 0, 0, 0, 0, 0, 0]",9216,128,4718592.0,37748736.0,1615042618,1615055551,1615178814,1615334908,0,928,928,133317,1,12933,156094,32,384,384,1
203,1,"[32, 256, 24, 24, 256, 24, 24, 3, 3, 1, 1, 1, 1, 1, 1, 1, 4, 0, 0, 0, 0, 0, 0, 0, 0, 0, 0, 0, 0, 0]",2048,256,21743271936.0,40108032.0,1615294132,1615354048,1615335836,1617096038,22656,71999,68319,133318,4,35749,1756522,32,384,384,1
205,1,"[4, 0, 0, 0, 0, 0, 0, 0, 0, 0, 0, 0, 0, 0, 0, 4, 0, 0, 0, 0, 0, 0, 0, 0, 0, 0, 0, 0, 0, 0]",256,512,37748736.0,75497472.0,1617152160,1617520808,1617164357,1617780317,144,354011,1056,133319,2,26875,263005,32,384,384,1
152,1,"[4, 32, 256, 24, 24, 0, 0, 0, 0, 0, 0, 0, 0, 0, 0, 0, 0, 0, 0, 0, 0, 0, 0, 0, 0, 0, 0, 0, 0, 0]",9216,128,4718592.0,37748736.0,1617746338,1617762608,1617781373,1617935259,0,69727,69727,133320,1,16270,153886,32,384,384,1
203,1,"[32, 256, 24, 24, 256, 24, 24, 3, 3, 1, 1, 1, 1, 1, 1, 1, 4, 0, 0, 0, 0, 0, 0, 0, 0, 0, 0, 0, 0, 0]",2048,256,21743271936.0,40108032.0,1617990233,1618050268,1618004986,1619777540,22656,76415,73439,133321,4,35891,1769578,32,384,384,1
205,1,"[4, 0, 0, 0, 0, 0, 0, 0, 0, 0, 0, 0, 0, 0, 0, 4, 0, 0, 0, 0, 0, 0, 0, 0, 0, 0, 0, 0, 0, 0]",256,512,37748736.0,75497472.0,1619838332,1620207084,1619850979,1620464219,144,353563,896,133322,2,27327,260573,32,384,384,1
35,1,"[4, 32, 256, 24, 24, 0, 0, 0, 0, 0, 0, 0, 0, 0, 0, 4, 32, 256, 24, 24, 0, 0, 0, 0, 0, 0, 0, 0, 0, 0]",9216,128,4718592.0,56623104.0,1620331037,1620344257,1620465115,1620693720,0,1024,1024,133323,1,13220,228605,32,384,384,1
152,1,"[4, 32, 256, 24, 24, 0, 0, 0, 0, 0, 0, 0, 0, 0, 0, 0, 0, 0, 0, 0, 0, 0, 0, 0, 0, 0, 0, 0, 0, 0]",9216,128,4718592.0,37748736.0,1620550524,1620562852,1620694744,1620850486,0,1024,1024,133324,1,12328,155742,32,384,384,1
203,1,"[32, 256, 24, 24, 512, 12, 12, 3, 3, 1, 1, 2, 2, 1, 1, 1, 4, 0, 0, 0, 0, 0, 0, 0, 0, 0, 0, 0, 0, 0]",144,256,10871635968.0,33030144.0,1620820719,1620846174,1620851510,1623218616,32768,70943,69855,133325,2,23027,2366018,32,384,384,1
205,1,"[4, 0, 0, 0, 0, 0, 0, 0, 0, 0, 0, 0, 0, 0, 0, 4, 0, 0, 0, 0, 0, 0, 0, 0, 0, 0, 0, 0, 0, 0]",512,512,18874368.0,37748736.0,1623275756,1623651311,1623288471,1623744017,144,510105,150302,133326,2,27120,95743,32,384,384,1
152,1,"[4, 32, 512, 12, 12, 0, 0, 0, 0, 0, 0, 0, 0, 0, 0, 0, 0, 0, 0, 0, 0, 0, 0, 0, 0, 0, 0, 0, 0, 0]",4608,128,2359296.0,18874368.0,1623880290,1623894482,1623894319,1623969230,0,167710,167710,133327,1,14192,74911,32,384,384,1
203,1,"[32, 512, 12, 12, 512, 12, 12, 3, 3, 1, 1, 1, 1, 1, 1, 1, 4, 0, 0, 0, 0, 0, 0, 0, 0, 0, 0, 0, 0, 0]",1024,256,21743271936.0,28311552.0,1624122724,1624181860,1624136940,1626154515,22656,76927,73823,133328,4,35024,2014471,32,384,384,1
205,1,"[4, 0, 0, 0, 0, 0, 0, 0, 0, 0, 0, 0, 0, 0, 0, 4, 0, 0, 0, 0, 0, 0, 0, 0, 0, 0, 0, 0, 0, 0]",512,512,18874368.0,37748736.0,1626216295,1626743462,1626228338,1626836298,144,712918,201309,133329,2,28797,96351,32,384,384,1
203,1,"[32, 256, 24, 24, 512, 12, 12, 1, 1, 0, 0, 2, 2, 1, 1, 1, 4, 0, 0, 0, 0, 0, 0, 0, 0, 0, 0, 0, 0, 0]",288,256,1207959552.0,28835840.0,1627021536,1627048103,1627037607,1627445634,16384,78720,70912,133330,2,23766,400219,32,384,384,1
205,1,"[4, 0, 0, 0, 0, 0, 0, 0, 0, 0, 0, 0, 0, 0, 0, 4, 0, 0, 0, 0, 0, 0, 0, 0, 0, 0, 0, 0, 0, 0]",512,512,18874368.0,37748736.0,1627503967,1627892708,1627516546,1627983547,144,424187,51328,133331,2,27631,94142,32,384,384,1
35,1,"[4, 32, 512, 12, 12, 0, 0, 0, 0, 0, 0, 0, 0, 0, 0, 4, 32, 512, 12, 12, 0, 0, 0, 0, 0, 0, 0, 0, 0, 0]",4608,128,2359296.0,28311552.0,1628021779,1628034692,1628034875,1628149913,0,106015,106015,133332,1,12913,115038,32,384,384,1
152,1,"[4, 32, 512, 12, 12, 0, 0, 0, 0, 0, 0, 0, 0, 0, 0, 0, 0, 0, 0, 0, 0, 0, 0, 0, 0, 0, 0, 0, 0, 0]",4608,128,2359296.0,18874368.0,1628243672,1628256105,1628255928,1628334167,0,172766,172766,133333,1,12433,78239,32,384,384,1
203,1,"[32, 512, 12, 12, 512, 12, 12, 3, 3, 1, 1, 1, 1, 1, 1, 1, 4, 0, 0, 0, 0, 0, 0, 0, 0, 0, 0, 0, 0, 0]",1024,256,21743271936.0,28311552.0,1628492530,1628551834,1628506933,1630521531,22656,79934,76767,133334,4,35400,2011431,32,384,384,1
205,1,"[4, 0, 0, 0, 0, 0, 0, 0, 0, 0, 0, 0, 0, 0, 0, 4, 0, 0, 0, 0, 0, 0, 0, 0, 0, 0, 0, 0, 0, 0]",512,512,18874368.0,37748736.0,1630585175,1630952680,1630598298,1631046037,144,502074,150846,133335,2,27273,96511,32,384,384,1
152,1,"[4, 32, 512, 12, 12, 0, 0, 0, 0, 0, 0, 0, 0, 0, 0, 0, 0, 0, 0, 0, 0, 0, 0, 0, 0, 0, 0, 0, 0, 0]",4608,128,2359296.0,18874368.0,1631183214,1631196945,1631196883,1631271762,0,188989,188989,133336,1,13731,74879,32,384,384,1
203,1,"[32, 512, 12, 12, 512, 12, 12, 3, 3, 1, 1, 1, 1, 1, 1, 1, 4, 0, 0, 0, 0, 0, 0, 0, 0, 0, 0, 0, 0, 0]",1024,256,21743271936.0,28311552.0,1631446021,1631510327,1631460751,1633474646,22656,78207,75231,133337,4,39316,2010919,32,384,384,1
205,1,"[4, 0, 0, 0, 0, 0, 0, 0, 0, 0, 0, 0, 0, 0, 0, 4, 0, 0, 0, 0, 0, 0, 0, 0, 0, 0, 0, 0, 0, 0]",512,512,18874368.0,37748736.0,1633537699,1633905720,1633549877,1634000847,144,397690,45215,133338,2,26223,98495,32,384,384,1
35,1,"[4, 32, 512, 12, 12, 0, 0, 0, 0, 0, 0, 0, 0, 0, 0, 4, 32, 512, 12, 12, 0, 0, 0, 0, 0, 0, 0, 0, 0, 0]",4608,128,2359296.0,28311552.0,1634032510,1634045830,1634046062,1634159245,0,107871,107871,133339,1,13320,113183,32,384,384,1
152,1,"[4, 32, 512, 12, 12, 0, 0, 0, 0, 0, 0, 0, 0, 0, 0, 0, 0, 0, 0, 0, 0, 0, 0, 0, 0, 0, 0, 0, 0, 0]",4608,128,2359296.0,18874368.0,1634254145,1634267117,1634267116,1634345451,0,80063,80063,133340,1,12972,78335,32,384,384,1
199,1,"[4, 32, 512, 12, 12, 0, 0, 0, 0, 0, 0, 0, 0, 0, 0, 0, 0, 0, 0, 0, 0, 0, 0, 0, 0, 0, 0, 0, 0, 0]",1024,512,0.0,0.0,1634411854,1634427942,1634425514,1634491593,16,253469,253469,133341,1,16088,66079,32,384,384,1
201,1,"[4, 32, 512, 0, 0, 0, 0, 0, 0, 0, 4, 808, 512, 0, 0, 0, 0, 0, 0, 0, 4, 808, 0, 0, 0, 0, 0, 0, 0, 0]",28,256,26476544.0,505088.0,1634727926,1634745866,1634745062,1634769861,16384,1024,1024,133343,1,17940,24799,32,384,384,1
201,1,"[4, 32, 512, 0, 0, 0, 0, 0, 0, 0, 4, 808, 512, 0, 0, 0, 0, 0, 0, 0, 4, 808, 0, 0, 0, 0, 0, 0, 0, 0]",52,512,26476544.0,505088.0,1634749729,1634765710,1634770885,1634775685,0,176670,176670,133344,1,15981,4800,32,384,384,1
181,1,"[4, 32, 808, 0, 0, 0, 0, 0, 0, 0, 0, 0, 0, 0, 0, 4, 32, 808, 0, 0, 0, 0, 0, 0, 0, 0, 0, 0, 0, 0]",51,512,0.0,0.0,1634938256,1635116557,1634952355,1635120033,16,652375,509913,133345,5,57172,25216,32,384,384,1
181,2,"[4, 32, 808, 0, 0, 0, 0, 0, 0, 0, 0, 0, 0, 0, 0, 4, 32, 808, 0, 0, 0, 0, 0, 0, 0, 0, 0, 0, 0, 0]",101,128,0.0,0.0,1635619852,1635742573,1635629946,1635749977,0,185598,81503,133345,4,30630,15936,32,384,384,1
201,2,"[4, 32, 512, 0, 0, 0, 0, 0, 0, 0, 4, 808, 512, 0, 0, 0, 0, 0, 0, 0, 4, 808, 0, 0, 0, 0, 0, 0, 0, 0]",104,512,26476544.0,505088.0,1635822136,1635889143,1635831480,1635907159,16384,333404,294652,133344,3,26417,36927,32,384,384,1
199,2,"[4, 32, 512, 12, 12, 0, 0, 0, 0, 0, 0, 0, 0, 0, 0, 0, 0, 0, 0, 0, 0, 0, 0, 0, 0, 0, 0, 0, 0, 0]",9216,128,0.0,0.0,1636190169,1636201848,1636201811,1636247282,0,14528,14528,133341,1,11679,45471,32,384,384,1
152,2,"[4, 32, 512, 12, 12, 0, 0, 0, 0, 0, 0, 0, 0, 0, 0, 0, 0, 0, 0, 0, 0, 0, 0, 0, 0, 0, 0, 0, 0, 0]",4608,128,2359296.0,28311552.0,1636250835,1636265157,1636261810,1636380177,0,12992,12992,133340,1,14322,118367,32,384,384,1
205,2,"[4, 32, 512, 12, 12, 0, 0, 0, 0, 0, 0, 0, 0, 0, 0, 0, 0, 0, 0, 0, 0, 0, 0, 0, 0, 0, 0, 0, 0, 0]",512,512,18874368.0,47185920.0,1636381312,1636393592,1636393169,1636552366,400,58400,58400,133338,1,12280,159197,32,384,384,1
203,2,"[32, 512, 12, 12, 512, 12, 12, 3, 3, 1, 1, 1, 1, 1, 1, 1, 4, 0, 0, 0, 0, 0, 0, 0, 0, 0, 0, 0, 0, 0]",1440,256,21743271936.0,28311552.0,1636601776,1636743988,1636610766,1640131393,24704,125116,118399,133337,8,47315,3513910,32,384,384,1
152,2,"[4, 32, 512, 12, 12, 0, 0, 0, 0, 0, 0, 0, 0, 0, 0, 0, 0, 0, 0, 0, 0, 0, 0, 0, 0, 0, 0, 0, 0, 0]",4608,128,2359296.0,28311552.0,1636821903,1636828538,1640249792,1640366846,0,1024,1024,133336,1,6635,117054,32,384,384,1
205,2,"[4, 32, 512, 12, 12, 0, 0, 0, 0, 0, 0, 0, 0, 0, 0, 0, 0, 0, 0, 0, 0, 0, 0, 0, 0, 0, 0, 0, 0, 0]",512,512,18874368.0,47185920.0,1636890846,1636898085,1640367870,1640523036,400,10176,10176,133335,1,7239,155166,32,384,384,1
203,2,"[32, 512, 12, 12, 512, 12, 12, 3, 3, 1, 1, 1, 1, 1, 1, 1, 4, 0, 0, 0, 0, 0, 0, 0, 0, 0, 0, 0, 0, 0]",1440,256,21743271936.0,28311552.0,1637022969,1637158226,1640533212,1644063375,24704,242174,235390,133334,8,42746,3523379,32,384,384,1
152,2,"[4, 32, 512, 12, 12, 0, 0, 0, 0, 0, 0, 0, 0, 0, 0, 0, 0, 0, 0, 0, 0, 0, 0, 0, 0, 0, 0, 0, 0, 0]",4608,128,2359296.0,28311552.0,1637255385,1637261878,1644298765,1644416651,0,1056,1056,133333,1,6493,117886,32,384,384,1
205,2,"[4, 32, 512, 12, 12, 0, 0, 0, 0, 0, 0, 0, 0, 0, 0, 0, 0, 0, 0, 0, 0, 0, 0, 0, 0, 0, 0, 0, 0, 0]",512,512,18874368.0,47185920.0,1637331097,1637338571,1644417707,1644578729,400,10048,10048,133331,1,7474,161022,32,384,384,1
203,2,"[32, 256, 24, 24, 512, 12, 12, 1, 1, 0, 0, 2, 2, 1, 1, 1, 4, 0, 0, 0, 0, 0, 0, 0, 0, 0, 0, 0, 0, 0]",18432,256,1207959552.0,28835840.0,1637463376,1637554138,1644588777,1645700442,10496,14466,7489,133330,3,20653,1104688,32,384,384,1
205,2,"[4, 32, 512, 12, 12, 0, 0, 0, 0, 0, 0, 0, 0, 0, 0, 0, 0, 0, 0, 0, 0, 0, 0, 0, 0, 0, 0, 0, 0, 0]",512,512,18874368.0,47185920.0,1637657360,1637664557,1645707931,1645863417,400,10240,10240,133329,1,7197,155486,32,384,384,1
203,2,"[32, 512, 12, 12, 512, 12, 12, 3, 3, 1, 1, 1, 1, 1, 1, 1, 4, 0, 0, 0, 0, 0, 0, 0, 0, 0, 0, 0, 0, 0]",1440,256,21743271936.0,28311552.0,1637788268,1637925696,1645873657,1649323821,24704,126302,119294,133328,8,43784,3443156,32,384,384,1
152,2,"[4, 32, 512, 12, 12, 0, 0, 0, 0, 0, 0, 0, 0, 0, 0, 0, 0, 0, 0, 0, 0, 0, 0, 0, 0, 0, 0, 0, 0, 0]",4608,128,2359296.0,28311552.0,1638004380,1638011083,1649443115,1649560137,0,1025,1025,133327,1,6703,117022,32,384,384,1
205,2,"[4, 32, 512, 12, 12, 0, 0, 0, 0, 0, 0, 0, 0, 0, 0, 0, 0, 0, 0, 0, 0, 0, 0, 0, 0, 0, 0, 0, 0, 0]",512,512,18874368.0,47185920.0,1638070016,1638077502,1649561162,1649717895,400,9792,9792,133326,1,7486,156733,32,384,384,1
203,2,"[32, 256, 24, 24, 512, 12, 12, 3, 3, 1, 1, 2, 2, 1, 1, 1, 4, 0, 0, 0, 0, 0, 0, 0, 0, 0, 0, 0, 0, 0]",18432,256,10871635968.0,33030144.0,1638201217,1638331581,1649727687,1657034731,32768,319707,292572,133325,5,35941,7279909,32,384,384,1
152,2,"[4, 32, 256, 24, 24, 0, 0, 0, 0, 0, 0, 0, 0, 0, 0, 0, 0, 0, 0, 0, 0, 0, 0, 0, 0, 0, 0, 0, 0, 0]",9216,128,4718592.0,56623104.0,1638430496,1638436887,1657327303,1657558852,0,960,960,133324,1,6391,231549,32,384,384,1
205,2,"[4, 32, 256, 24, 24, 0, 0, 0, 0, 0, 0, 0, 0, 0, 0, 0, 0, 0, 0, 0, 0, 0, 0, 0, 0, 0, 0, 0, 0, 0]",256,512,37748736.0,94371840.0,1638513687,1638521251,1657559812,1657975263,400,9983,9983,133322,1,7564,415451,32,384,384,1
203,2,"[32, 256, 24, 24, 256, 24, 24, 3, 3, 1, 1, 1, 1, 1, 1, 1, 4, 0, 0, 0, 0, 0, 0, 0, 0, 0, 0, 0, 0, 0]",2048,256,21743271936.0,40108032.0,1638651464,1638785219,1657985246,1661555185,24704,30721,24160,133321,8,45263,3563378,32,384,384,1
152,2,"[4, 32, 256, 24, 24, 0, 0, 0, 0, 0, 0, 0, 0, 0, 0, 0, 0, 0, 0, 0, 0, 0, 0, 0, 0, 0, 0, 0, 0, 0]",9216,128,4718592.0,56623104.0,1638863198,1638869797,1661579345,1661811278,0,928,928,133320,1,6599,231933,32,384,384,1
205,2,"[4, 32, 256, 24, 24, 0, 0, 0, 0, 0, 0, 0, 0, 0, 0, 0, 0, 0, 0, 0, 0, 0, 0, 0, 0, 0, 0, 0, 0, 0]",256,512,37748736.0,94371840.0,1638930375,1638937603,1661812206,1662229161,400,9568,9568,133319,1,7228,416955,32,384,384,1
203,2,"[32, 256, 24, 24, 256, 24, 24, 3, 3, 1, 1, 1, 1, 1, 1, 1, 4, 0, 0, 0, 0, 0, 0, 0, 0, 0, 0, 0, 0, 0]",2048,256,21743271936.0,40108032.0,1639063940,1639192971,1662238729,1665797499,24704,271198,264381,133318,8,42441,3551953,32,384,384,1
152,2,"[4, 32, 256, 24, 24, 0, 0, 0, 0, 0, 0, 0, 0, 0, 0, 0, 0, 0, 0, 0, 0, 0, 0, 0, 0, 0, 0, 0, 0, 0]",9216,128,4718592.0,56623104.0,1639292306,1639298623,1666061880,1666292501,0,1056,1056,133317,1,6317,230621,32,384,384,1
205,2,"[4, 32, 256, 24, 24, 0, 0, 0, 0, 0, 0, 0, 0, 0, 0, 0, 0, 0, 0, 0, 0, 0, 0, 0, 0, 0, 0, 0, 0, 0]",256,512,37748736.0,94371840.0,1639365460,1639373204,1666293557,1666707216,400,9920,9920,133315,1,7744,413659,32,384,384,1
203,2,"[32, 128, 48, 48, 256, 24, 24, 1, 1, 0, 0, 2, 2, 1, 1, 1, 4, 0, 0, 0, 0, 0, 0, 0, 0, 0, 0, 0, 0, 0]",36864,256,1207959552.0,56754176.0,1639497413,1639583117,1666717136,1667989920,10496,12190,5695,133314,3,19563,1266289,32,384,384,1
205,2,"[4, 32, 256, 24, 24, 0, 0, 0, 0, 0, 0, 0, 0, 0, 0, 0, 0, 0, 0, 0, 0, 0, 0, 0, 0, 0, 0, 0, 0, 0]",256,512,37748736.0,94371840.0,1639683635,1639690751,1667995615,1668400954,400,10112,10112,133313,1,7116,405339,32,384,384,1
203,2,"[32, 256, 24, 24, 256, 24, 24, 3, 3, 1, 1, 1, 1, 1, 1, 1, 4, 0, 0, 0, 0, 0, 0, 0, 0, 0, 0, 0, 0, 0]",2048,256,21743271936.0,40108032.0,1639817700,1639950780,1668411066,1672099500,24704,30848,23711,133312,8,44492,3681297,32,384,384,1
152,2,"[4, 32, 256, 24, 24, 0, 0, 0, 0, 0, 0, 0, 0, 0, 0, 0, 0, 0, 0, 0, 0, 0, 0, 0, 0, 0, 0, 0, 0, 0]",9216,128,4718592.0,56623104.0,1640027641,1640034187,1672123211,1672354280,0,928,928,133311,1,6546,231069,32,384,384,1
205,2,"[4, 32, 256, 24, 24, 0, 0, 0, 0, 0, 0, 0, 0, 0, 0, 0, 0, 0, 0, 0, 0, 0, 0, 0, 0, 0, 0, 0, 0, 0]",256,512,37748736.0,94371840.0,1640091907,1640098941,1672355208,1672770915,400,10464,10464,133310,1,7034,415707,32,384,384,1
203,2,"[32, 128, 48, 48, 256, 24, 24, 3, 3, 1, 1, 2, 2, 1, 1, 1, 4, 0, 0, 0, 0, 0, 0, 0, 0, 0, 0, 0, 0, 0]",36864,256,10871635968.0,57802752.0,1640224571,1640342402,1672781379,1680014087,32768,483770,470938,133309,5,31202,7219876,32,384,384,1
152,2,"[4, 32, 128, 48, 48, 0, 0, 0, 0, 0, 0, 0, 0, 0, 0, 0, 0, 0, 0, 0, 0, 0, 0, 0, 0, 0, 0, 0, 0, 0]",18432,128,9437184.0,113246208.0,1640440717,1640447668,1680485025,1680936955,0,992,992,133308,1,6951,451930,32,384,384,1
205,2,"[4, 32, 128, 48, 48, 0, 0, 0, 0, 0, 0, 0, 0, 0, 0, 0, 0, 0, 0, 0, 0, 0, 0, 0, 0, 0, 0, 0, 0, 0]",128,512,75497472.0,188743680.0,1640515037,1640522456,1680937947,1681781457,400,10144,10144,133306,1,7419,843510,32,384,384,1
203,2,"[32, 128, 48, 48, 128, 48, 48, 3, 3, 1, 1, 1, 1, 1, 1, 1, 4, 0, 0, 0, 0, 0, 0, 0, 0, 0, 0, 0, 0, 0]",2592,256,21743271936.0,76087296.0,1640647796,1640782942,1681791601,1686799665,24704,14880,7648,133305,8,43490,5000832,32,384,384,1
152,2,"[4, 32, 128, 48, 48, 0, 0, 0, 0, 0, 0, 0, 0, 0, 0, 0, 0, 0, 0, 0, 0, 0, 0, 0, 0, 0, 0, 0, 0, 0]",18432,128,9437184.0,113246208.0,1640862980,1640869888,1686807313,1687262155,0,1024,1024,133304,1,6908,454842,32,384,384,1
205,2,"[4, 32, 128, 48, 48, 0, 0, 0, 0, 0, 0, 0, 0, 0, 0, 0, 0, 0, 0, 0, 0, 0, 0, 0, 0, 0, 0, 0, 0, 0]",128,512,75497472.0,188743680.0,1640928880,1640936147,1687263179,1688107968,400,10304,10304,133303,1,7267,844789,32,384,384,1
203,2,"[32, 128, 48, 48, 128, 48, 48, 3, 3, 1, 1, 1, 1, 1, 1, 1, 4, 0, 0, 0, 0, 0, 0, 0, 0, 0, 0, 0, 0, 0]",2592,256,21743271936.0,76087296.0,1641059212,1641190306,1688118272,1693187936,24704,471578,463866,133302,8,42450,5061952,32,384,384,1
152,2,"[4, 32, 128, 48, 48, 0, 0, 0, 0, 0, 0, 0, 0, 0, 0, 0, 0, 0, 0, 0, 0, 0, 0, 0, 0, 0, 0, 0, 0, 0]",18432,128,9437184.0,113246208.0,1641285059,1641291375,1693651802,1694107348,0,1120,1120,133301,1,6316,455546,32,384,384,1
205,2,"[4, 32, 128, 48, 48, 0, 0, 0, 0, 0, 0, 0, 0, 0, 0, 0, 0, 0, 0, 0, 0, 0, 0, 0, 0, 0, 0, 0, 0, 0]",128,512,75497472.0,188743680.0,1641358022,1641365684,1694108468,1694958409,400,10912,10912,133299,1,7662,849941,32,384,384,1
203,2,"[32, 64, 96, 96, 128, 48, 48, 1, 1, 0, 0, 2, 2, 1, 1, 1, 4, 0, 0, 0, 0, 0, 0, 0, 0, 0, 0, 0, 0, 0]",65535,256,1207959552.0,113278976.0,1641487424,1641574965,1694969321,1696859313,6400,12447,5920,133298,3,22307,1883465,32,384,384,1
205,2,"[4, 32, 128, 48, 48, 0, 0, 0, 0, 0, 0, 0, 0, 0, 0, 0, 0, 0, 0, 0, 0, 0, 0, 0, 0, 0, 0, 0, 0, 0]",128,512,75497472.0,188743680.0,1641673354,1641680818,1696865233,1697700902,400,10624,10624,133297,1,7464,835669,32,384,384,1
203,2,"[32, 128, 48, 48, 128, 48, 48, 3, 3, 1, 1, 1, 1, 1, 1, 1, 4, 0, 0, 0, 0, 0, 0, 0, 0, 0, 0, 0, 0, 0]",2592,256,21743271936.0,76087296.0,1641805370,1641938114,1697711526,1702773350,24704,15552,7936,133296,8,44681,5054208,32,384,384,1
152,2,"[4, 32, 128, 48, 48, 0, 0, 0, 0, 0, 0, 0, 0, 0, 0, 0, 0, 0, 0, 0, 0, 0, 0, 0, 0, 0, 0, 0, 0, 0]",18432,128,9437184.0,113246208.0,1642015103,1642021403,1702781286,1703236000,0,1056,1056,133295,1,6300,454714,32,384,384,1
205,2,"[4, 32, 128, 48, 48, 0, 0, 0, 0, 0, 0, 0, 0, 0, 0, 0, 0, 0, 0, 0, 0, 0, 0, 0, 0, 0, 0, 0, 0, 0]",128,512,75497472.0,188743680.0,1642079996,1642087436,1703237056,1704079606,400,10239,10239,133294,1,7440,842550,32,384,384,1
203,2,"[32, 64, 96, 96, 128, 48, 48, 3, 3, 1, 1, 2, 2, 1, 1, 1, 4, 0, 0, 0, 0, 0, 0, 0, 0, 0, 0, 0, 0, 0]",65535,256,10871635968.0,113541120.0,1642210419,1642333530,1704089845,1712639241,32768,917556,905524,133293,5,32037,8537364,32,384,384,1
152,2,"[4, 32, 64, 96, 96, 0, 0, 0, 0, 0, 0, 0, 0, 0, 0, 0, 0, 0, 0, 0, 0, 0, 0, 0, 0, 0, 0, 0, 0, 0]",36864,128,18874368.0,226492416.0,1642430346,1642437277,1713544765,1714450802,0,1216,1216,133292,1,6931,906037,32,384,384,1
205,2,"[4, 32, 64, 96, 96, 0, 0, 0, 0, 0, 0, 0, 0, 0, 0, 0, 0, 0, 0, 0, 0, 0, 0, 0, 0, 0, 0, 0, 0, 0]",64,512,150994944.0,377487360.0,1642510258,1642518122,1714452018,1716220860,400,10879,10879,133290,1,7864,1768842,32,384,384,1
203,2,"[32, 64, 96, 96, 64, 96, 96, 3, 3, 1, 1, 1, 1, 1, 1, 1, 4, 0, 0, 0, 0, 0, 0, 0, 0, 0, 0, 0, 0, 0]",5184,256,21743271936.0,151142400.0,1642645521,1642782302,1716231739,1725594373,24704,14270,6431,133289,8,42971,9354795,32,384,384,1
152,2,"[4, 32, 64, 96, 96, 0, 0, 0, 0, 0, 0, 0, 0, 0, 0, 0, 0, 0, 0, 0, 0, 0, 0, 0, 0, 0, 0, 0, 0, 0]",36864,128,18874368.0,226492416.0,1642860905,1642867461,1725600804,1726501177,0,1152,1152,133288,1,6556,900373,32,384,384,1
205,2,"[4, 32, 64, 96, 96, 0, 0, 0, 0, 0, 0, 0, 0, 0, 0, 0, 0, 0, 0, 0, 0, 0, 0, 0, 0, 0, 0, 0, 0, 0]",64,512,150994944.0,377487360.0,1642924289,1642931399,1726502329,1728265154,400,10368,10368,133287,1,7110,1762825,32,384,384,1
203,2,"[32, 64, 96, 96, 64, 96, 96, 3, 3, 1, 1, 1, 1, 1, 1, 1, 4, 0, 0, 0, 0, 0, 0, 0, 0, 0, 0, 0, 0, 0]",5184,256,21743271936.0,151142400.0,1643058268,1643187799,1728275522,1737549101,24704,912083,904244,133286,8,42191,9265740,32,384,384,1
152,2,"[4, 32, 64, 96, 96, 0, 0, 0, 0, 0, 0, 0, 0, 0, 0, 0, 0, 0, 0, 0, 0, 0, 0, 0, 0, 0, 0, 0, 0, 0]",36864,128,18874368.0,226492416.0,1643285550,1643291968,1738453345,1739353238,0,928,928,133285,1,6418,899893,32,384,384,1
205,2,"[4, 32, 64, 96, 96, 0, 0, 0, 0, 0, 0, 0, 0, 0, 0, 0, 0, 0, 0, 0, 0, 0, 0, 0, 0, 0, 0, 0, 0, 0]",64,512,150994944.0,377487360.0,1643357018,1643364317,1739354166,1741117631,400,10560,10560,133283,1,7299,1763465,32,384,384,1
203,2,"[32, 64, 96, 96, 64, 96, 96, 3, 3, 1, 1, 1, 1, 1, 1, 1, 4, 0, 0, 0, 0, 0, 0, 0, 0, 0, 0, 0, 0, 0]",5184,256,21743271936.0,151142400.0,1643488616,1643616593,1741128191,1750356938,24704,13983,6432,133282,8,42192,9221196,32,384,384,1
152,2,"[4, 32, 64, 96, 96, 0, 0, 0, 0, 0, 0, 0, 0, 0, 0, 0, 0, 0, 0, 0, 0, 0, 0, 0, 0, 0, 0, 0, 0, 0]",36864,128,18874368.0,226492416.0,1643695908,1643702450,1750363370,1751262303,0,1120,1120,133281,1,6542,898933,32,384,384,1
205,2,"[4, 32, 64, 96, 96, 0, 0, 0, 0, 0, 0, 0, 0, 0, 0, 0, 0, 0, 0, 0, 0, 0, 0, 0, 0, 0, 0, 0, 0, 0]",64,512,150994944.0,377487360.0,1643760225,1643767531,1751263423,1753021992,400,10336,10336,133280,1,7306,1758569,32,384,384,1
203,2,"[32, 64, 96, 96, 64, 96, 96, 3, 3, 1, 1, 1, 1, 1, 1, 1, 4, 0, 0, 0, 0, 0, 0, 0, 0, 0, 0, 0, 0, 0]",5184,256,21743271936.0,151142400.0,1643888509,1644018327,1753032328,1762254003,24704,916052,908501,133279,8,44001,9214124,32,384,384,1
183,2,"[4, 32, 64, 192, 192, 0, 0, 0, 0, 0, 0, 0, 0, 0, 0, 0, 0, 0, 0, 0, 0, 0, 0, 0, 0, 0, 0, 0, 0, 0]",294912,256,0.0,0.0,1644122348,1644140467,1763162504,1772741998,0,2176,1056,133278,2,12516,9578374,32,384,384,1
152,2,"[4, 32, 64, 192, 192, 0, 0, 0, 0, 0, 0, 0, 0, 0, 0, 0, 0, 0, 0, 0, 0, 0, 0, 0, 0, 0, 0, 0, 0, 0]",147456,128,75497472.0,905969664.0,1644166969,1644173343,1772743054,1776371360,0,1088,1088,133277,1,6374,3628306,32,384,384,1
205,2,"[4, 32, 64, 192, 192, 0, 0, 0, 0, 0, 0, 0, 0, 0, 0, 0, 0, 0, 0, 0, 0, 0, 0, 0, 0, 0, 0, 0, 0, 0]",64,512,603979776.0,1509949440.0,1644229363,1644236588,1776372448,1783865889,400,10048,10048,133276,1,7225,7493441,32,384,384,1
203,2,"[32, 3, 384, 384, 64, 192, 192, 7, 7, 3, 3, 2, 2, 1, 1, 1, 4, 0, 0, 0, 0, 0, 0, 0, 0, 0, 0, 0, 0, 0]",384,256,22196256768.0,358650624.0,1644391450,1644425913,1783875937,1792878830,32768,15072,5408,133275,3,19092,8993229,32,384,384,1
16,3,"[4, 64, 3, 7, 7, 0, 0, 0, 0, 0, 0, 0, 0, 0, 0, 4, 0, 0, 0, 0, 0, 0, 0, 0, 0, 0, 0, 0, 0, 0]",19,128,9408.0,75268.0,1644946679,1644968800,1792884238,1792887470,0,960,960,-1,1,22121,3232,32,384,384,1
12,3,"[4, 64, 3, 7, 7, 0, 0, 0, 0, 0, 0, 0, 0, 0, 0, 4, 64, 3, 7, 7, 0, 0, 0, 0, 0, 0, 0, 0, 0, 0]",19,128,9408.0,112896.0,1645070381,1645083462,1792888430,1792891150,0,928,928,-1,1,13081,2720,32,384,384,1
12,3,"[4, 64, 3, 7, 7, 0, 0, 0, 0, 0, 0, 0, 0, 0, 0, 4, 64, 3, 7, 7, 0, 0, 0, 0, 0, 0, 0, 0, 0, 0]",19,128,9408.0,112896.0,1645177201,1645187587,1792892078,1792894990,0,992,992,-1,1,10386,2912,32,384,384,1
16,3,"[4, 64, 0, 0, 0, 0, 0, 0, 0, 0, 0, 0, 0, 0, 0, 4, 0, 0, 0, 0, 0, 0, 0, 0, 0, 0, 0, 0, 0, 0]",1,128,64.0,516.0,1645279459,1645290292,1792895982,1792898734,0,896,896,-1,1,10833,2752,32,384,384,1
12,3,"[4, 64, 0, 0, 0, 0, 0, 0, 0, 0, 0, 0, 0, 0, 0, 4, 64, 0, 0, 0, 0, 0, 0, 0, 0, 0, 0, 0, 0, 0]",1,128,64.0,768.0,1645378797,1645388888,1792899630,1792902382,0,896,896,-1,1,10091,2752,32,384,384,1
12,3,"[4, 64, 0, 0, 0, 0, 0, 0, 0, 0, 0, 0, 0, 0, 0, 4, 64, 0, 0, 0, 0, 0, 0, 0, 0, 0, 0, 0, 0, 0]",1,128,64.0,768.0,1645479766,1645489121,1792903278,1792906062,0,832,832,-1,1,9355,2784,32,384,384,1
16,3,"[4, 64, 0, 0, 0, 0, 0, 0, 0, 0, 0, 0, 0, 0, 0, 4, 0, 0, 0, 0, 0, 0, 0, 0, 0, 0, 0, 0, 0, 0]",1,128,64.0,516.0,1645578171,1645588785,1792906894,1792909614,0,960,960,-1,1,10614,2720,32,384,384,1
12,3,"[4, 64, 0, 0, 0, 0, 0, 0, 0, 0, 0, 0, 0, 0, 0, 4, 64, 0, 0, 0, 0, 0, 0, 0, 0, 0, 0, 0, 0, 0]",1,128,64.0,768.0,1645675167,1645684891,1792910574,1792913326,0,896,896,-1,1,9724,2752,32,384,384,1
12,3,"[4, 64, 0, 0, 0, 0, 0, 0, 0, 0, 0, 0, 0, 0, 0, 4, 64, 0, 0, 0, 0, 0, 0, 0, 0, 0, 0, 0, 0, 0]",1,128,64.0,768.0,1645772109,1645781491,1792914222,1792917006,0,864,864,-1,1,9382,2784,32,384,384,1
16,3,"[4, 64, 64, 3, 3, 0, 0, 0, 0, 0, 0, 0, 0, 0, 0, 4, 0, 0, 0, 0, 0, 0, 0, 0, 0, 0, 0, 0, 0, 0]",72,128,36864.0,294916.0,1645869532,1645879375,1792917870,1792921134,0,832,832,-1,1,9843,3264,32,384,384,1
12,3,"[4, 64, 64, 3, 3, 0, 0, 0, 0, 0, 0, 0, 0, 0, 0, 4, 64, 64, 3, 3, 0, 0, 0, 0, 0, 0, 0, 0, 0, 0]",72,128,36864.0,442368.0,1645966108,1645975713,1792921966,1792925390,0,832,832,-1,1,9605,3424,32,384,384,1
12,3,"[4, 64, 64, 3, 3, 0, 0, 0, 0, 0, 0, 0, 0, 0, 0, 4, 64, 64, 3, 3, 0, 0, 0, 0, 0, 0, 0, 0, 0, 0]",72,128,36864.0,442368.0,1646063078,1646072679,1792926222,1792929549,0,833,833,-1,1,9601,3327,32,384,384,1
16,3,"[4, 64, 0, 0, 0, 0, 0, 0, 0, 0, 0, 0, 0, 0, 0, 4, 0, 0, 0, 0, 0, 0, 0, 0, 0, 0, 0, 0, 0, 0]",1,128,64.0,516.0,1646159136,1646168488,1792930382,1792933102,0,927,927,-1,1,9352,2720,32,384,384,1
12,3,"[4, 64, 0, 0, 0, 0, 0, 0, 0, 0, 0, 0, 0, 0, 0, 4, 64, 0, 0, 0, 0, 0, 0, 0, 0, 0, 0, 0, 0, 0]",1,128,64.0,768.0,1646438248,1646453080,1792934029,1792936814,0,863,863,-1,1,14832,2785,32,384,384,1
12,3,"[4, 64, 0, 0, 0, 0, 0, 0, 0, 0, 0, 0, 0, 0, 0, 4, 64, 0, 0, 0, 0, 0, 0, 0, 0, 0, 0, 0, 0, 0]",1,128,64.0,768.0,1646567427,1646579442,1792937677,1792940493,0,929,929,-1,1,12015,2816,32,384,384,1
16,3,"[4, 64, 0, 0, 0, 0, 0, 0, 0, 0, 0, 0, 0, 0, 0, 4, 0, 0, 0, 0, 0, 0, 0, 0, 0, 0, 0, 0, 0, 0]",1,128,64.0,516.0,1646673379,1646683987,1792941422,1792944109,0,929,929,-1,1,10608,2687,32,384,384,1
12,3,"[4, 64, 0, 0, 0, 0, 0, 0, 0, 0, 0, 0, 0, 0, 0, 4, 64, 0, 0, 0, 0, 0, 0, 0, 0, 0, 0, 0, 0, 0]",1,128,64.0,768.0,1646774315,1646784131,1792945038,1792947822,0,895,895,-1,1,9816,2784,32,384,384,1
12,3,"[4, 64, 0, 0, 0, 0, 0, 0, 0, 0, 0, 0, 0, 0, 0, 4, 64, 0, 0, 0, 0, 0, 0, 0, 0, 0, 0, 0, 0, 0]",1,128,64.0,768.0,1646870999,1646880128,1792948717,1792951502,0,832,832,-1,1,9129,2785,32,384,384,1
16,3,"[4, 64, 64, 3, 3, 0, 0, 0, 0, 0, 0, 0, 0, 0, 0, 4, 0, 0, 0, 0, 0, 0, 0, 0, 0, 0, 0, 0, 0, 0]",72,128,36864.0,294916.0,1646968691,1646978489,1792952334,1792955885,0,801,801,-1,1,9798,3551,32,384,384,1
12,3,"[4, 64, 64, 3, 3, 0, 0, 0, 0, 0, 0, 0, 0, 0, 0, 4, 64, 64, 3, 3, 0, 0, 0, 0, 0, 0, 0, 0, 0, 0]",72,128,36864.0,442368.0,1647065857,1647075365,1792956686,1792960045,0,833,833,-1,1,9508,3359,32,384,384,1
12,3,"[4, 64, 64, 3, 3, 0, 0, 0, 0, 0, 0, 0, 0, 0, 0, 4, 64, 64, 3, 3, 0, 0, 0, 0, 0, 0, 0, 0, 0, 0]",72,128,36864.0,442368.0,1647163600,1647172718,1792960878,1792964205,0,832,832,-1,1,9118,3327,32,384,384,1
16,3,"[4, 64, 0, 0, 0, 0, 0, 0, 0, 0, 0, 0, 0, 0, 0, 4, 0, 0, 0, 0, 0, 0, 0, 0, 0, 0, 0, 0, 0, 0]",1,128,64.0,516.0,1647261699,1647271505,1792965037,1792967789,0,896,896,-1,1,9806,2752,32,384,384,1
12,3,"[4, 64, 0, 0, 0, 0, 0, 0, 0, 0, 0, 0, 0, 0, 0, 4, 64, 0, 0, 0, 0, 0, 0, 0, 0, 0, 0, 0, 0, 0]",1,128,64.0,768.0,1647356680,1647365958,1792968685,1792971469,0,864,864,-1,1,9278,2784,32,384,384,1
12,3,"[4, 64, 0, 0, 0, 0, 0, 0, 0, 0, 0, 0, 0, 0, 0, 4, 64, 0, 0, 0, 0, 0, 0, 0, 0, 0, 0, 0, 0, 0]",1,128,64.0,768.0,1647451550,1647460816,1792972333,1792975149,0,832,832,-1,1,9266,2816,32,384,384,1
16,3,"[4, 64, 0, 0, 0, 0, 0, 0, 0, 0, 0, 0, 0, 0, 0, 4, 0, 0, 0, 0, 0, 0, 0, 0, 0, 0, 0, 0, 0, 0]",1,128,64.0,516.0,1647546455,1647556486,1792975981,1792978733,0,896,896,-1,1,10031,2752,32,384,384,1
12,3,"[4, 64, 0, 0, 0, 0, 0, 0, 0, 0, 0, 0, 0, 0, 0, 4, 64, 0, 0, 0, 0, 0, 0, 0, 0, 0, 0, 0, 0, 0]",1,128,64.0,768.0,1647640649,1647650222,1792979629,1792982765,0,992,992,-1,1,9573,3136,32,384,384,1
12,3,"[4, 64, 0, 0, 0, 0, 0, 0, 0, 0, 0, 0, 0, 0, 0, 4, 64, 0, 0, 0, 0, 0, 0, 0, 0, 0, 0, 0, 0, 0]",1,128,64.0,768.0,1647735793,1647746490,1792983757,1792986541,0,864,864,-1,1,10697,2784,32,384,384,1
16,3,"[4, 64, 64, 3, 3, 0, 0, 0, 0, 0, 0, 0, 0, 0, 0, 4, 0, 0, 0, 0, 0, 0, 0, 0, 0, 0, 0, 0, 0, 0]",72,128,36864.0,294916.0,1647834550,1647844477,1792987405,1792990669,0,832,832,-1,1,9927,3264,32,384,384,1
12,3,"[4, 64, 64, 3, 3, 0, 0, 0, 0, 0, 0, 0, 0, 0, 0, 4, 64, 64, 3, 3, 0, 0, 0, 0, 0, 0, 0, 0, 0, 0]",72,128,36864.0,442368.0,1647930345,1647939329,1792991501,1792995053,0,896,896,-1,1,8984,3552,32,384,384,1
12,3,"[4, 64, 64, 3, 3, 0, 0, 0, 0, 0, 0, 0, 0, 0, 0, 4, 64, 64, 3, 3, 0, 0, 0, 0, 0, 0, 0, 0, 0, 0]",72,128,36864.0,442368.0,1648028219,1648037155,1792995949,1792999309,0,992,992,-1,1,8936,3360,32,384,384,1
16,3,"[4, 64, 0, 0, 0, 0, 0, 0, 0, 0, 0, 0, 0, 0, 0, 4, 0, 0, 0, 0, 0, 0, 0, 0, 0, 0, 0, 0, 0, 0]",1,128,64.0,516.0,1648122889,1648132317,1793000301,1793003021,0,1056,1056,-1,1,9428,2720,32,384,384,1
12,3,"[4, 64, 0, 0, 0, 0, 0, 0, 0, 0, 0, 0, 0, 0, 0, 4, 64, 0, 0, 0, 0, 0, 0, 0, 0, 0, 0, 0, 0, 0]",1,128,64.0,768.0,1648217046,1648226257,1793004077,1793006861,0,927,927,-1,1,9211,2784,32,384,384,1
12,3,"[4, 64, 0, 0, 0, 0, 0, 0, 0, 0, 0, 0, 0, 0, 0, 4, 64, 0, 0, 0, 0, 0, 0, 0, 0, 0, 0, 0, 0, 0]",1,128,64.0,768.0,1648311099,1648319922,1793007788,1793010573,0,863,863,-1,1,8823,2785,32,384,384,1
16,3,"[4, 64, 0, 0, 0, 0, 0, 0, 0, 0, 0, 0, 0, 0, 0, 4, 0, 0, 0, 0, 0, 0, 0, 0, 0, 0, 0, 0, 0, 0]",1,128,64.0,516.0,1648415036,1648424960,1793011436,1793014157,0,927,927,-1,1,9924,2721,32,384,384,1
12,3,"[4, 64, 0, 0, 0, 0, 0, 0, 0, 0, 0, 0, 0, 0, 0, 4, 64, 0, 0, 0, 0, 0, 0, 0, 0, 0, 0, 0, 0, 0]",1,128,64.0,768.0,1648510641,1648519575,1793015084,1793017868,0,832,832,-1,1,8934,2784,32,384,384,1
12,3,"[4, 64, 0, 0, 0, 0, 0, 0, 0, 0, 0, 0, 0, 0, 0, 4, 64, 0, 0, 0, 0, 0, 0, 0, 0, 0, 0, 0, 0, 0]",1,128,64.0,768.0,1648605829,1648614834,1793018700,1793021837,0,992,992,-1,1,9005,3137,32,384,384,1
16,3,"[4, 64, 64, 3, 3, 0, 0, 0, 0, 0, 0, 0, 0, 0, 0, 4, 0, 0, 0, 0, 0, 0, 0, 0, 0, 0, 0, 0, 0, 0]",72,128,36864.0,294916.0,1648701975,1648711232,1793022829,1793026093,0,832,832,-1,1,9257,3264,32,384,384,1
12,3,"[4, 64, 64, 3, 3, 0, 0, 0, 0, 0, 0, 0, 0, 0, 0, 4, 64, 64, 3, 3, 0, 0, 0, 0, 0, 0, 0, 0, 0, 0]",72,128,36864.0,442368.0,1648798291,1648809794,1793026925,1793030220,0,832,832,-1,1,11503,3295,32,384,384,1
12,3,"[4, 64, 64, 3, 3, 0, 0, 0, 0, 0, 0, 0, 0, 0, 0, 4, 64, 64, 3, 3, 0, 0, 0, 0, 0, 0, 0, 0, 0, 0]",72,128,36864.0,442368.0,1648897107,1648906367,1793031052,1793034572,0,960,960,-1,1,9260,3520,32,384,384,1
16,3,"[4, 64, 0, 0, 0, 0, 0, 0, 0, 0, 0, 0, 0, 0, 0, 4, 0, 0, 0, 0, 0, 0, 0, 0, 0, 0, 0, 0, 0, 0]",1,128,64.0,516.0,1648991897,1649001510,1793035532,1793038252,0,928,928,-1,1,9613,2720,32,384,384,1
12,3,"[4, 64, 0, 0, 0, 0, 0, 0, 0, 0, 0, 0, 0, 0, 0, 4, 64, 0, 0, 0, 0, 0, 0, 0, 0, 0, 0, 0, 0, 0]",1,128,64.0,768.0,1649086514,1649095454,1793039180,1793041964,0,864,864,-1,1,8940,2784,32,384,384,1
12,3,"[4, 64, 0, 0, 0, 0, 0, 0, 0, 0, 0, 0, 0, 0, 0, 4, 64, 0, 0, 0, 0, 0, 0, 0, 0, 0, 0, 0, 0, 0]",1,128,64.0,768.0,1649181373,1649189938,1793042828,1793045612,0,864,864,-1,1,8565,2784,32,384,384,1
16,3,"[4, 64, 0, 0, 0, 0, 0, 0, 0, 0, 0, 0, 0, 0, 0, 4, 0, 0, 0, 0, 0, 0, 0, 0, 0, 0, 0, 0, 0, 0]",1,128,64.0,516.0,1649280390,1649289837,1793046476,1793049196,0,928,928,-1,1,9447,2720,32,384,384,1
12,3,"[4, 64, 0, 0, 0, 0, 0, 0, 0, 0, 0, 0, 0, 0, 0, 4, 64, 0, 0, 0, 0, 0, 0, 0, 0, 0, 0, 0, 0, 0]",1,128,64.0,768.0,1649377766,1649387222,1793050124,1793053100,0,896,896,-1,1,9456,2976,32,384,384,1
12,3,"[4, 64, 0, 0, 0, 0, 0, 0, 0, 0, 0, 0, 0, 0, 0, 4, 64, 0, 0, 0, 0, 0, 0, 0, 0, 0, 0, 0, 0, 0]",1,128,64.0,768.0,1649473289,1649482279,1793053996,1793056780,0,864,864,-1,1,8990,2784,32,384,384,1
16,3,"[4, 128, 64, 3, 3, 0, 0, 0, 0, 0, 0, 0, 0, 0, 0, 4, 0, 0, 0, 0, 0, 0, 0, 0, 0, 0, 0, 0, 0, 0]",144,128,73728.0,589828.0,1649568616,1649578224,1793057644,1793061580,0,928,928,-1,1,9608,3936,32,384,384,1
12,3,"[4, 128, 64, 3, 3, 0, 0, 0, 0, 0, 0, 0, 0, 0, 0, 4, 128, 64, 3, 3, 0, 0, 0, 0, 0, 0, 0, 0, 0, 0]",144,128,73728.0,884736.0,1649664605,1649673596,1793062508,1793066476,0,800,800,-1,1,8991,3968,32,384,384,1
12,3,"[4, 128, 64, 3, 3, 0, 0, 0, 0, 0, 0, 0, 0, 0, 0, 4, 128, 64, 3, 3, 0, 0, 0, 0, 0, 0, 0, 0, 0, 0]",144,128,73728.0,884736.0,1649758759,1649767627,1793067276,1793071212,0,960,960,-1,1,8868,3936,32,384,384,1
16,3,"[4, 128, 0, 0, 0, 0, 0, 0, 0, 0, 0, 0, 0, 0, 0, 4, 0, 0, 0, 0, 0, 0, 0, 0, 0, 0, 0, 0, 0, 0]",1,128,128.0,1028.0,1649854508,1649865982,1793072172,1793074924,0,928,928,-1,1,11474,2752,32,384,384,1
12,3,"[4, 128, 0, 0, 0, 0, 0, 0, 0, 0, 0, 0, 0, 0, 0, 4, 128, 0, 0, 0, 0, 0, 0, 0, 0, 0, 0, 0, 0, 0]",1,128,128.0,1536.0,1649951568,1649960898,1793075852,1793078636,0,864,864,-1,1,9330,2784,32,384,384,1
12,3,"[4, 128, 0, 0, 0, 0, 0, 0, 0, 0, 0, 0, 0, 0, 0, 4, 128, 0, 0, 0, 0, 0, 0, 0, 0, 0, 0, 0, 0, 0]",1,128,128.0,1536.0,1650046475,1650055356,1793079500,1793082284,0,928,928,-1,1,8881,2784,32,384,384,1
16,3,"[4, 128, 0, 0, 0, 0, 0, 0, 0, 0, 0, 0, 0, 0, 0, 4, 0, 0, 0, 0, 0, 0, 0, 0, 0, 0, 0, 0, 0, 0]",1,128,128.0,1028.0,1650141193,1650150535,1793083212,1793085932,0,928,928,-1,1,9342,2720,32,384,384,1
12,3,"[4, 128, 0, 0, 0, 0, 0, 0, 0, 0, 0, 0, 0, 0, 0, 4, 128, 0, 0, 0, 0, 0, 0, 0, 0, 0, 0, 0, 0, 0]",1,128,128.0,1536.0,1650235981,1650244880,1793086860,1793089675,0,832,832,-1,1,8899,2815,32,384,384,1
12,3,"[4, 128, 0, 0, 0, 0, 0, 0, 0, 0, 0, 0, 0, 0, 0, 4, 128, 0, 0, 0, 0, 0, 0, 0, 0, 0, 0, 0, 0, 0]",1,128,128.0,1536.0,1650329627,1650338733,1793090507,1793093292,0,863,863,-1,1,9106,2785,32,384,384,1
16,3,"[4, 128, 128, 3, 3, 0, 0, 0, 0, 0, 0, 0, 0, 0, 0, 4, 0, 0, 0, 0, 0, 0, 0, 0, 0, 0, 0, 0, 0, 0]",288,128,147456.0,1179652.0,1650567358,1650580817,1793094155,1793100043,0,960,960,-1,1,13459,5888,32,384,384,1
12,3,"[4, 128, 128, 3, 3, 0, 0, 0, 0, 0, 0, 0, 0, 0, 0, 4, 128, 128, 3, 3, 0, 0, 0, 0, 0, 0, 0, 0, 0, 0]",288,128,147456.0,1769472.0,1650682576,1650693531,1793101003,1793106860,0,960,960,-1,1,10955,5857,32,384,384,1
12,3,"[4, 128, 128, 3, 3, 0, 0, 0, 0, 0, 0, 0, 0, 0, 0, 4, 128, 128, 3, 3, 0, 0, 0, 0, 0, 0, 0, 0, 0, 0]",288,128,147456.0,1769472.0,1650783637,1650792753,1793107820,1793113580,0,832,832,-1,1,9116,5760,32,384,384,1
16,3,"[4, 128, 0, 0, 0, 0, 0, 0, 0, 0, 0, 0, 0, 0, 0, 4, 0, 0, 0, 0, 0, 0, 0, 0, 0, 0, 0, 0, 0, 0]",1,128,128.0,1028.0,1650880722,1650890582,1793114412,1793117163,0,960,960,-1,1,9860,2751,32,384,384,1
12,3,"[4, 128, 0, 0, 0, 0, 0, 0, 0, 0, 0, 0, 0, 0, 0, 4, 128, 0, 0, 0, 0, 0, 0, 0, 0, 0, 0, 0, 0, 0]",1,128,128.0,1536.0,1650976054,1650985142,1793118123,1793120939,0,800,800,-1,1,9088,2816,32,384,384,1
12,3,"[4, 128, 0, 0, 0, 0, 0, 0, 0, 0, 0, 0, 0, 0, 0, 4, 128, 0, 0, 0, 0, 0, 0, 0, 0, 0, 0, 0, 0, 0]",1,128,128.0,1536.0,1651070438,1651081507,1793121739,1793124651,0,1024,1024,-1,1,11069,2912,32,384,384,1
16,3,"[4, 128, 0, 0, 0, 0, 0, 0, 0, 0, 0, 0, 0, 0, 0, 4, 0, 0, 0, 0, 0, 0, 0, 0, 0, 0, 0, 0, 0, 0]",1,128,128.0,1028.0,1651167850,1651177406,1793125675,1793128427,0,960,960,-1,1,9556,2752,32,384,384,1
12,3,"[4, 128, 0, 0, 0, 0, 0, 0, 0, 0, 0, 0, 0, 0, 0, 4, 128, 0, 0, 0, 0, 0, 0, 0, 0, 0, 0, 0, 0, 0]",1,128,128.0,1536.0,1651261978,1651270899,1793129387,1793132171,0,864,864,-1,1,8921,2784,32,384,384,1
12,3,"[4, 128, 0, 0, 0, 0, 0, 0, 0, 0, 0, 0, 0, 0, 0, 4, 128, 0, 0, 0, 0, 0, 0, 0, 0, 0, 0, 0, 0, 0]",1,128,128.0,1536.0,1651355951,1651364380,1793133035,1793135819,0,864,864,-1,1,8429,2784,32,384,384,1
16,3,"[4, 128, 64, 1, 1, 0, 0, 0, 0, 0, 0, 0, 0, 0, 0, 4, 0, 0, 0, 0, 0, 0, 0, 0, 0, 0, 0, 0, 0, 0]",16,128,8192.0,65540.0,1651453978,1651463688,1793136683,1793139787,0,992,992,-1,1,9710,3104,32,384,384,1
12,3,"[4, 128, 64, 1, 1, 0, 0, 0, 0, 0, 0, 0, 0, 0, 0, 4, 128, 64, 1, 1, 0, 0, 0, 0, 0, 0, 0, 0, 0, 0]",16,128,8192.0,98304.0,1651550207,1651559281,1793140779,1793144011,0,928,928,-1,1,9074,3232,32,384,384,1
12,3,"[4, 128, 64, 1, 1, 0, 0, 0, 0, 0, 0, 0, 0, 0, 0, 4, 128, 64, 1, 1, 0, 0, 0, 0, 0, 0, 0, 0, 0, 0]",16,128,8192.0,98304.0,1651647163,1651655979,1793144939,1793148043,0,992,992,-1,1,8816,3104,32,384,384,1
16,3,"[4, 128, 0, 0, 0, 0, 0, 0, 0, 0, 0, 0, 0, 0, 0, 4, 0, 0, 0, 0, 0, 0, 0, 0, 0, 0, 0, 0, 0, 0]",1,128,128.0,1028.0,1651741364,1651750901,1793149035,1793151787,0,896,896,-1,1,9537,2752,32,384,384,1
12,3,"[4, 128, 0, 0, 0, 0, 0, 0, 0, 0, 0, 0, 0, 0, 0, 4, 128, 0, 0, 0, 0, 0, 0, 0, 0, 0, 0, 0, 0, 0]",1,128,128.0,1536.0,1651836553,1651845655,1793152683,1793155499,0,832,832,-1,1,9102,2816,32,384,384,1
12,3,"[4, 128, 0, 0, 0, 0, 0, 0, 0, 0, 0, 0, 0, 0, 0, 4, 128, 0, 0, 0, 0, 0, 0, 0, 0, 0, 0, 0, 0, 0]",1,128,128.0,1536.0,1651931624,1651940450,1793156331,1793159211,0,992,992,-1,1,8826,2880,32,384,384,1
16,3,"[4, 128, 0, 0, 0, 0, 0, 0, 0, 0, 0, 0, 0, 0, 0, 4, 0, 0, 0, 0, 0, 0, 0, 0, 0, 0, 0, 0, 0, 0]",1,128,128.0,1028.0,1652026286,1652035680,1793160203,1793162923,0,928,928,-1,1,9394,2720,32,384,384,1
12,3,"[4, 128, 0, 0, 0, 0, 0, 0, 0, 0, 0, 0, 0, 0, 0, 4, 128, 0, 0, 0, 0, 0, 0, 0, 0, 0, 0, 0, 0, 0]",1,128,128.0,1536.0,1652120598,1652131582,1793163851,1793166635,0,864,864,-1,1,10984,2784,32,384,384,1
12,3,"[4, 128, 0, 0, 0, 0, 0, 0, 0, 0, 0, 0, 0, 0, 0, 4, 128, 0, 0, 0, 0, 0, 0, 0, 0, 0, 0, 0, 0, 0]",1,128,128.0,1536.0,1652217116,1652226206,1793167499,1793170411,0,960,960,-1,1,9090,2912,32,384,384,1
16,3,"[4, 128, 128, 3, 3, 0, 0, 0, 0, 0, 0, 0, 0, 0, 0, 4, 0, 0, 0, 0, 0, 0, 0, 0, 0, 0, 0, 0, 0, 0]",288,128,147456.0,1179652.0,1652312369,1652321443,1793171371,1793177515,0,927,927,-1,1,9074,6144,32,384,384,1
12,3,"[4, 128, 128, 3, 3, 0, 0, 0, 0, 0, 0, 0, 0, 0, 0, 4, 128, 128, 3, 3, 0, 0, 0, 0, 0, 0, 0, 0, 0, 0]",288,128,147456.0,1769472.0,1652406869,1652415895,1793178442,1793184586,0,960,960,-1,1,9026,6144,32,384,384,1
12,3,"[4, 128, 128, 3, 3, 0, 0, 0, 0, 0, 0, 0, 0, 0, 0, 4, 128, 128, 3, 3, 0, 0, 0, 0, 0, 0, 0, 0, 0, 0]",288,128,147456.0,1769472.0,1652502102,1652510904,1793185546,1793190794,0,832,832,-1,1,8802,5248,32,384,384,1
16,3,"[4, 128, 0, 0, 0, 0, 0, 0, 0, 0, 0, 0, 0, 0, 0, 4, 0, 0, 0, 0, 0, 0, 0, 0, 0, 0, 0, 0, 0, 0]",1,128,128.0,1028.0,1652595545,1652605049,1793191626,1793194378,0,928,928,-1,1,9504,2752,32,384,384,1
12,3,"[4, 128, 0, 0, 0, 0, 0, 0, 0, 0, 0, 0, 0, 0, 0, 4, 128, 0, 0, 0, 0, 0, 0, 0, 0, 0, 0, 0, 0, 0]",1,128,128.0,1536.0,1652690563,1652699706,1793195306,1793198123,0,831,831,-1,1,9143,2817,32,384,384,1
12,3,"[4, 128, 0, 0, 0, 0, 0, 0, 0, 0, 0, 0, 0, 0, 0, 4, 128, 0, 0, 0, 0, 0, 0, 0, 0, 0, 0, 0, 0, 0]",1,128,128.0,1536.0,1652784622,1652793667,1793198954,1793201866,0,960,960,-1,1,9045,2912,32,384,384,1
16,3,"[4, 128, 0, 0, 0, 0, 0, 0, 0, 0, 0, 0, 0, 0, 0, 4, 0, 0, 0, 0, 0, 0, 0, 0, 0, 0, 0, 0, 0, 0]",1,128,128.0,1028.0,1652878285,1652887644,1793202826,1793205578,0,928,928,-1,1,9359,2752,32,384,384,1
12,3,"[4, 128, 0, 0, 0, 0, 0, 0, 0, 0, 0, 0, 0, 0, 0, 4, 128, 0, 0, 0, 0, 0, 0, 0, 0, 0, 0, 0, 0, 0]",1,128,128.0,1536.0,1652972655,1652981624,1793206506,1793209482,0,896,896,-1,1,8969,2976,32,384,384,1
12,3,"[4, 128, 0, 0, 0, 0, 0, 0, 0, 0, 0, 0, 0, 0, 0, 4, 128, 0, 0, 0, 0, 0, 0, 0, 0, 0, 0, 0, 0, 0]",1,128,128.0,1536.0,1653067065,1653075776,1793210378,1793213354,0,960,960,-1,1,8711,2976,32,384,384,1
16,3,"[4, 128, 128, 3, 3, 0, 0, 0, 0, 0, 0, 0, 0, 0, 0, 4, 0, 0, 0, 0, 0, 0, 0, 0, 0, 0, 0, 0, 0, 0]",288,128,147456.0,1179652.0,1653163277,1653174942,1793214314,1793220650,0,960,960,-1,1,11665,6336,32,384,384,1
12,3,"[4, 128, 128, 3, 3, 0, 0, 0, 0, 0, 0, 0, 0, 0, 0, 4, 128, 128, 3, 3, 0, 0, 0, 0, 0, 0, 0, 0, 0, 0]",288,128,147456.0,1769472.0,1653262255,1653272184,1793221610,1793227498,0,960,960,-1,1,9929,5888,32,384,384,1
12,3,"[4, 128, 128, 3, 3, 0, 0, 0, 0, 0, 0, 0, 0, 0, 0, 4, 128, 128, 3, 3, 0, 0, 0, 0, 0, 0, 0, 0, 0, 0]",288,128,147456.0,1769472.0,1653359368,1653368233,1793228458,1793233770,0,832,832,-1,1,8865,5312,32,384,384,1
16,3,"[4, 128, 0, 0, 0, 0, 0, 0, 0, 0, 0, 0, 0, 0, 0, 4, 0, 0, 0, 0, 0, 0, 0, 0, 0, 0, 0, 0, 0, 0]",1,128,128.0,1028.0,1653454261,1653463447,1793234602,1793237386,0,896,896,-1,1,9186,2784,32,384,384,1
12,3,"[4, 128, 0, 0, 0, 0, 0, 0, 0, 0, 0, 0, 0, 0, 0, 4, 128, 0, 0, 0, 0, 0, 0, 0, 0, 0, 0, 0, 0, 0]",1,128,128.0,1536.0,1653549672,1653558998,1793238282,1793241066,0,864,864,-1,1,9326,2784,32,384,384,1
12,3,"[4, 128, 0, 0, 0, 0, 0, 0, 0, 0, 0, 0, 0, 0, 0, 4, 128, 0, 0, 0, 0, 0, 0, 0, 0, 0, 0, 0, 0, 0]",1,128,128.0,1536.0,1653645580,1653654645,1793241930,1793244714,0,992,992,-1,1,9065,2784,32,384,384,1
16,3,"[4, 128, 0, 0, 0, 0, 0, 0, 0, 0, 0, 0, 0, 0, 0, 4, 0, 0, 0, 0, 0, 0, 0, 0, 0, 0, 0, 0, 0, 0]",1,128,128.0,1028.0,1653740718,1653749912,1793245706,1793248586,0,992,992,-1,1,9194,2880,32,384,384,1
12,3,"[4, 128, 0, 0, 0, 0, 0, 0, 0, 0, 0, 0, 0, 0, 0, 4, 128, 0, 0, 0, 0, 0, 0, 0, 0, 0, 0, 0, 0, 0]",1,128,128.0,1536.0,1653834428,1653843636,1793249578,1793252394,0,864,864,-1,1,9208,2816,32,384,384,1
12,3,"[4, 128, 0, 0, 0, 0, 0, 0, 0, 0, 0, 0, 0, 0, 0, 4, 128, 0, 0, 0, 0, 0, 0, 0, 0, 0, 0, 0, 0, 0]",1,128,128.0,1536.0,1653929013,1653937872,1793253258,1793256042,0,832,832,-1,1,8859,2784,32,384,384,1
16,3,"[4, 256, 128, 3, 3, 0, 0, 0, 0, 0, 0, 0, 0, 0, 0, 4, 0, 0, 0, 0, 0, 0, 0, 0, 0, 0, 0, 0, 0, 0]",576,128,294912.0,2359300.0,1654024420,1654033557,1793256874,1793267433,0,832,832,-1,1,9137,10559,32,384,384,1
12,3,"[4, 256, 128, 3, 3, 0, 0, 0, 0, 0, 0, 0, 0, 0, 0, 4, 256, 128, 3, 3, 0, 0, 0, 0, 0, 0, 0, 0, 0, 0]",576,128,294912.0,3538944.0,1654119451,1654128412,1793268265,1793276393,0,832,832,-1,1,8961,8128,32,384,384,1
12,3,"[4, 256, 128, 3, 3, 0, 0, 0, 0, 0, 0, 0, 0, 0, 0, 4, 256, 128, 3, 3, 0, 0, 0, 0, 0, 0, 0, 0, 0, 0]",576,128,294912.0,3538944.0,1654216552,1654225896,1793277225,1793286729,0,1024,1024,-1,1,9344,9504,32,384,384,1
16,3,"[4, 256, 0, 0, 0, 0, 0, 0, 0, 0, 0, 0, 0, 0, 0, 4, 0, 0, 0, 0, 0, 0, 0, 0, 0, 0, 0, 0, 0, 0]",1,128,256.0,2052.0,1654312427,1654321803,1793287753,1793290697,0,992,992,-1,1,9376,2944,32,384,384,1
12,3,"[4, 256, 0, 0, 0, 0, 0, 0, 0, 0, 0, 0, 0, 0, 0, 4, 256, 0, 0, 0, 0, 0, 0, 0, 0, 0, 0, 0, 0, 0]",1,128,256.0,3072.0,1654405824,1654414933,1793291689,1793294569,0,992,992,-1,1,9109,2880,32,384,384,1
12,3,"[4, 256, 0, 0, 0, 0, 0, 0, 0, 0, 0, 0, 0, 0, 0, 4, 256, 0, 0, 0, 0, 0, 0, 0, 0, 0, 0, 0, 0, 0]",1,128,256.0,3072.0,1654639267,1654651878,1793295561,1793298569,0,928,928,-1,1,12611,3008,32,384,384,1
16,3,"[4, 256, 0, 0, 0, 0, 0, 0, 0, 0, 0, 0, 0, 0, 0, 4, 0, 0, 0, 0, 0, 0, 0, 0, 0, 0, 0, 0, 0, 0]",1,128,256.0,2052.0,1654751050,1654761991,1793299497,1793302281,0,864,864,-1,1,10941,2784,32,384,384,1
12,3,"[4, 256, 0, 0, 0, 0, 0, 0, 0, 0, 0, 0, 0, 0, 0, 4, 256, 0, 0, 0, 0, 0, 0, 0, 0, 0, 0, 0, 0, 0]",1,128,256.0,3072.0,1654848926,1654858603,1793303145,1793306057,0,960,960,-1,1,9677,2912,32,384,384,1
12,3,"[4, 256, 0, 0, 0, 0, 0, 0, 0, 0, 0, 0, 0, 0, 0, 4, 256, 0, 0, 0, 0, 0, 0, 0, 0, 0, 0, 0, 0, 0]",1,128,256.0,3072.0,1654944052,1654953311,1793307017,1793310057,0,800,800,-1,1,9259,3040,32,384,384,1
16,3,"[4, 256, 256, 3, 3, 0, 0, 0, 0, 0, 0, 0, 0, 0, 0, 4, 0, 0, 0, 0, 0, 0, 0, 0, 0, 0, 0, 0, 0, 0]",1152,128,589824.0,4718596.0,1655041225,1655050729,1793310857,1793330824,0,961,961,-1,1,9504,19967,32,384,384,1
12,3,"[4, 256, 256, 3, 3, 0, 0, 0, 0, 0, 0, 0, 0, 0, 0, 4, 256, 256, 3, 3, 0, 0, 0, 0, 0, 0, 0, 0, 0, 0]",1152,128,589824.0,7077888.0,1655136789,1655145988,1793331785,1793349064,0,992,992,-1,1,9199,17279,32,384,384,1
12,3,"[4, 256, 256, 3, 3, 0, 0, 0, 0, 0, 0, 0, 0, 0, 0, 4, 256, 256, 3, 3, 0, 0, 0, 0, 0, 0, 0, 0, 0, 0]",1152,128,589824.0,7077888.0,1655232388,1655241421,1793350056,1793370568,0,800,800,-1,1,9033,20512,32,384,384,1
16,3,"[4, 256, 0, 0, 0, 0, 0, 0, 0, 0, 0, 0, 0, 0, 0, 4, 0, 0, 0, 0, 0, 0, 0, 0, 0, 0, 0, 0, 0, 0]",1,128,256.0,2052.0,1655326367,1655336013,1793371368,1793374504,0,1088,1088,-1,1,9646,3136,32,384,384,1
12,3,"[4, 256, 0, 0, 0, 0, 0, 0, 0, 0, 0, 0, 0, 0, 0, 4, 256, 0, 0, 0, 0, 0, 0, 0, 0, 0, 0, 0, 0, 0]",1,128,256.0,3072.0,1655423497,1655432703,1793375592,1793378824,0,928,928,-1,1,9206,3232,32,384,384,1
12,3,"[4, 256, 0, 0, 0, 0, 0, 0, 0, 0, 0, 0, 0, 0, 0, 4, 256, 0, 0, 0, 0, 0, 0, 0, 0, 0, 0, 0, 0, 0]",1,128,256.0,3072.0,1655518320,1655526949,1793379752,1793382600,0,1056,1056,-1,1,8629,2848,32,384,384,1
16,3,"[4, 256, 0, 0, 0, 0, 0, 0, 0, 0, 0, 0, 0, 0, 0, 4, 0, 0, 0, 0, 0, 0, 0, 0, 0, 0, 0, 0, 0, 0]",1,128,256.0,2052.0,1655611926,1655621005,1793383656,1793386472,0,864,864,-1,1,9079,2816,32,384,384,1
12,3,"[4, 256, 0, 0, 0, 0, 0, 0, 0, 0, 0, 0, 0, 0, 0, 4, 256, 0, 0, 0, 0, 0, 0, 0, 0, 0, 0, 0, 0, 0]",1,128,256.0,3072.0,1655707787,1655716716,1793387336,1793390248,0,992,992,-1,1,8929,2912,32,384,384,1
12,3,"[4, 256, 0, 0, 0, 0, 0, 0, 0, 0, 0, 0, 0, 0, 0, 4, 256, 0, 0, 0, 0, 0, 0, 0, 0, 0, 0, 0, 0, 0]",1,128,256.0,3072.0,1655802326,1655811229,1793391240,1793394088,0,992,992,-1,1,8903,2848,32,384,384,1
16,3,"[4, 256, 128, 1, 1, 0, 0, 0, 0, 0, 0, 0, 0, 0, 0, 4, 0, 0, 0, 0, 0, 0, 0, 0, 0, 0, 0, 0, 0, 0]",64,128,32768.0,262148.0,1655897666,1655907181,1793395080,1793398984,0,832,832,-1,1,9515,3904,32,384,384,1
12,3,"[4, 256, 128, 1, 1, 0, 0, 0, 0, 0, 0, 0, 0, 0, 0, 4, 256, 128, 1, 1, 0, 0, 0, 0, 0, 0, 0, 0, 0, 0]",64,128,32768.0,393216.0,1655993719,1656002688,1793399816,1793403816,0,1055,1055,-1,1,8969,4000,32,384,384,1
12,3,"[4, 256, 128, 1, 1, 0, 0, 0, 0, 0, 0, 0, 0, 0, 0, 4, 256, 128, 1, 1, 0, 0, 0, 0, 0, 0, 0, 0, 0, 0]",64,128,32768.0,393216.0,1656089097,1656097681,1793404871,1793408103,0,961,961,-1,1,8584,3232,32,384,384,1
16,3,"[4, 256, 0, 0, 0, 0, 0, 0, 0, 0, 0, 0, 0, 0, 0, 4, 0, 0, 0, 0, 0, 0, 0, 0, 0, 0, 0, 0, 0, 0]",1,128,256.0,2052.0,1656182718,1656192503,1793409064,1793411816,0,864,864,-1,1,9785,2752,32,384,384,1
12,3,"[4, 256, 0, 0, 0, 0, 0, 0, 0, 0, 0, 0, 0, 0, 0, 4, 256, 0, 0, 0, 0, 0, 0, 0, 0, 0, 0, 0, 0, 0]",1,128,256.0,3072.0,1656276519,1656285337,1793412680,1793415560,0,1056,1056,-1,1,8818,2880,32,384,384,1
12,3,"[4, 256, 0, 0, 0, 0, 0, 0, 0, 0, 0, 0, 0, 0, 0, 4, 256, 0, 0, 0, 0, 0, 0, 0, 0, 0, 0, 0, 0, 0]",1,128,256.0,3072.0,1656369838,1656378761,1793416616,1793419463,0,832,832,-1,1,8923,2847,32,384,384,1
16,3,"[4, 256, 0, 0, 0, 0, 0, 0, 0, 0, 0, 0, 0, 0, 0, 4, 0, 0, 0, 0, 0, 0, 0, 0, 0, 0, 0, 0, 0, 0]",1,128,256.0,2052.0,1656465301,1656474926,1793420295,1793423079,0,929,929,-1,1,9625,2784,32,384,384,1
12,3,"[4, 256, 0, 0, 0, 0, 0, 0, 0, 0, 0, 0, 0, 0, 0, 4, 256, 0, 0, 0, 0, 0, 0, 0, 0, 0, 0, 0, 0, 0]",1,128,256.0,3072.0,1656560651,1656569963,1793424008,1793426887,0,992,992,-1,1,9312,2879,32,384,384,1
12,3,"[4, 256, 0, 0, 0, 0, 0, 0, 0, 0, 0, 0, 0, 0, 0, 4, 256, 0, 0, 0, 0, 0, 0, 0, 0, 0, 0, 0, 0, 0]",1,128,256.0,3072.0,1656656290,1656665503,1793427879,1793430695,0,800,800,-1,1,9213,2816,32,384,384,1
16,3,"[4, 256, 256, 3, 3, 0, 0, 0, 0, 0, 0, 0, 0, 0, 0, 4, 0, 0, 0, 0, 0, 0, 0, 0, 0, 0, 0, 0, 0, 0]",1152,128,589824.0,4718596.0,1656752170,1656761452,1793431495,1793451879,0,896,896,-1,1,9282,20384,32,384,384,1
12,3,"[4, 256, 256, 3, 3, 0, 0, 0, 0, 0, 0, 0, 0, 0, 0, 4, 256, 256, 3, 3, 0, 0, 0, 0, 0, 0, 0, 0, 0, 0]",1152,128,589824.0,7077888.0,1656847443,1656856627,1793452775,1793470279,0,928,928,-1,1,9184,17504,32,384,384,1
12,3,"[4, 256, 256, 3, 3, 0, 0, 0, 0, 0, 0, 0, 0, 0, 0, 4, 256, 256, 3, 3, 0, 0, 0, 0, 0, 0, 0, 0, 0, 0]",1152,128,589824.0,7077888.0,1656943876,1656952642,1793471207,1793491207,0,895,895,-1,1,8766,20000,32,384,384,1
16,3,"[4, 256, 0, 0, 0, 0, 0, 0, 0, 0, 0, 0, 0, 0, 0, 4, 0, 0, 0, 0, 0, 0, 0, 0, 0, 0, 0, 0, 0, 0]",1,128,256.0,2052.0,1657039037,1657048303,1793492102,1793495399,0,832,832,-1,1,9266,3297,32,384,384,1
12,3,"[4, 256, 0, 0, 0, 0, 0, 0, 0, 0, 0, 0, 0, 0, 0, 4, 256, 0, 0, 0, 0, 0, 0, 0, 0, 0, 0, 0, 0, 0]",1,128,256.0,3072.0,1657132073,1657140992,1793496231,1793499463,0,895,895,-1,1,8919,3232,32,384,384,1
12,3,"[4, 256, 0, 0, 0, 0, 0, 0, 0, 0, 0, 0, 0, 0, 0, 4, 256, 0, 0, 0, 0, 0, 0, 0, 0, 0, 0, 0, 0, 0]",1,128,256.0,3072.0,1657225649,1657234658,1793500358,1793503206,0,832,832,-1,1,9009,2848,32,384,384,1
16,3,"[4, 256, 0, 0, 0, 0, 0, 0, 0, 0, 0, 0, 0, 0, 0, 4, 0, 0, 0, 0, 0, 0, 0, 0, 0, 0, 0, 0, 0, 0]",1,128,256.0,2052.0,1657320598,1657330373,1793504038,1793506918,0,1024,1024,-1,1,9775,2880,32,384,384,1
12,3,"[4, 256, 0, 0, 0, 0, 0, 0, 0, 0, 0, 0, 0, 0, 0, 4, 256, 0, 0, 0, 0, 0, 0, 0, 0, 0, 0, 0, 0, 0]",1,128,256.0,3072.0,1657415521,1657424605,1793507942,1793510790,0,864,864,-1,1,9084,2848,32,384,384,1
12,3,"[4, 256, 0, 0, 0, 0, 0, 0, 0, 0, 0, 0, 0, 0, 0, 4, 256, 0, 0, 0, 0, 0, 0, 0, 0, 0, 0, 0, 0, 0]",1,128,256.0,3072.0,1657512776,1657522023,1793511654,1793514502,0,768,768,-1,1,9247,2848,32,384,384,1
16,3,"[4, 256, 256, 3, 3, 0, 0, 0, 0, 0, 0, 0, 0, 0, 0, 4, 0, 0, 0, 0, 0, 0, 0, 0, 0, 0, 0, 0, 0, 0]",1152,128,589824.0,4718596.0,1657608795,1657618606,1793515270,1793534950,0,832,832,-1,1,9811,19680,32,384,384,1
12,3,"[4, 256, 256, 3, 3, 0, 0, 0, 0, 0, 0, 0, 0, 0, 0, 4, 256, 256, 3, 3, 0, 0, 0, 0, 0, 0, 0, 0, 0, 0]",1152,128,589824.0,7077888.0,1657706163,1657715293,1793535782,1793552710,0,1024,1024,-1,1,9130,16928,32,384,384,1
12,3,"[4, 256, 256, 3, 3, 0, 0, 0, 0, 0, 0, 0, 0, 0, 0, 4, 256, 256, 3, 3, 0, 0, 0, 0, 0, 0, 0, 0, 0, 0]",1152,128,589824.0,7077888.0,1657802773,1657811392,1793553734,1793573413,0,1025,1025,-1,1,8619,19679,32,384,384,1
16,3,"[4, 256, 0, 0, 0, 0, 0, 0, 0, 0, 0, 0, 0, 0, 0, 4, 0, 0, 0, 0, 0, 0, 0, 0, 0, 0, 0, 0, 0, 0]",1,128,256.0,2052.0,1657897254,1657906778,1793574438,1793577574,0,960,960,-1,1,9524,3136,32,384,384,1
12,3,"[4, 256, 0, 0, 0, 0, 0, 0, 0, 0, 0, 0, 0, 0, 0, 4, 256, 0, 0, 0, 0, 0, 0, 0, 0, 0, 0, 0, 0, 0]",1,128,256.0,3072.0,1657991062,1657999895,1793578534,1793581829,0,864,864,-1,1,8833,3295,32,384,384,1
12,3,"[4, 256, 0, 0, 0, 0, 0, 0, 0, 0, 0, 0, 0, 0, 0, 4, 256, 0, 0, 0, 0, 0, 0, 0, 0, 0, 0, 0, 0, 0]",1,128,256.0,3072.0,1658084131,1658092758,1793582693,1793585701,0,864,864,-1,1,8627,3008,32,384,384,1
16,3,"[4, 256, 0, 0, 0, 0, 0, 0, 0, 0, 0, 0, 0, 0, 0, 4, 0, 0, 0, 0, 0, 0, 0, 0, 0, 0, 0, 0, 0, 0]",1,128,256.0,2052.0,1658176448,1658185862,1793586565,1793589349,0,832,832,-1,1,9414,2784,32,384,384,1
12,3,"[4, 256, 0, 0, 0, 0, 0, 0, 0, 0, 0, 0, 0, 0, 0, 4, 256, 0, 0, 0, 0, 0, 0, 0, 0, 0, 0, 0, 0, 0]",1,128,256.0,3072.0,1658269667,1658278679,1793590181,1793593061,0,1024,1024,-1,1,9012,2880,32,384,384,1
12,3,"[4, 256, 0, 0, 0, 0, 0, 0, 0, 0, 0, 0, 0, 0, 0, 4, 256, 0, 0, 0, 0, 0, 0, 0, 0, 0, 0, 0, 0, 0]",1,128,256.0,3072.0,1658363588,1658372485,1793594085,1793597093,0,960,960,-1,1,8897,3008,32,384,384,1
16,3,"[4, 512, 256, 3, 3, 0, 0, 0, 0, 0, 0, 0, 0, 0, 0, 4, 0, 0, 0, 0, 0, 0, 0, 0, 0, 0, 0, 0, 0, 0]",2304,128,1179648.0,9437188.0,1658458982,1658476113,1793598053,1793637477,0,992,992,-1,1,17131,39424,32,384,384,1
12,3,"[4, 512, 256, 3, 3, 0, 0, 0, 0, 0, 0, 0, 0, 0, 0, 4, 512, 256, 3, 3, 0, 0, 0, 0, 0, 0, 0, 0, 0, 0]",2304,128,1179648.0,14155776.0,1658694981,1658706712,1793638469,1793698660,0,864,864,-1,1,11731,60191,32,384,384,1
12,3,"[4, 512, 256, 3, 3, 0, 0, 0, 0, 0, 0, 0, 0, 0, 0, 4, 512, 256, 3, 3, 0, 0, 0, 0, 0, 0, 0, 0, 0, 0]",2304,128,1179648.0,14155776.0,1658803062,1658812757,1793699524,1793759651,0,960,960,-1,1,9695,60127,32,384,384,1
16,3,"[4, 512, 0, 0, 0, 0, 0, 0, 0, 0, 0, 0, 0, 0, 0, 4, 0, 0, 0, 0, 0, 0, 0, 0, 0, 0, 0, 0, 0, 0]",1,128,512.0,4100.0,1658901870,1658911621,1793760611,1793763971,0,1024,1024,-1,1,9751,3360,32,384,384,1
12,3,"[4, 512, 0, 0, 0, 0, 0, 0, 0, 0, 0, 0, 0, 0, 0, 4, 512, 0, 0, 0, 0, 0, 0, 0, 0, 0, 0, 0, 0, 0]",1,128,512.0,6144.0,1658998056,1659007367,1793764995,1793768195,0,960,960,-1,1,9311,3200,32,384,384,1
12,3,"[4, 512, 0, 0, 0, 0, 0, 0, 0, 0, 0, 0, 0, 0, 0, 4, 512, 0, 0, 0, 0, 0, 0, 0, 0, 0, 0, 0, 0, 0]",1,128,512.0,6144.0,1659093061,1659101931,1793769155,1793772003,0,832,832,-1,1,8870,2848,32,384,384,1
16,3,"[4, 512, 0, 0, 0, 0, 0, 0, 0, 0, 0, 0, 0, 0, 0, 4, 0, 0, 0, 0, 0, 0, 0, 0, 0, 0, 0, 0, 0, 0]",1,128,512.0,4100.0,1659187429,1659196894,1793772835,1793775619,0,864,864,-1,1,9465,2784,32,384,384,1
12,3,"[4, 512, 0, 0, 0, 0, 0, 0, 0, 0, 0, 0, 0, 0, 0, 4, 512, 0, 0, 0, 0, 0, 0, 0, 0, 0, 0, 0, 0, 0]",1,128,512.0,6144.0,1659280333,1659289264,1793776483,1793779267,0,864,864,-1,1,8931,2784,32,384,384,1
12,3,"[4, 512, 0, 0, 0, 0, 0, 0, 0, 0, 0, 0, 0, 0, 0, 4, 512, 0, 0, 0, 0, 0, 0, 0, 0, 0, 0, 0, 0, 0]",1,128,512.0,6144.0,1659374137,1659382811,1793780131,1793782947,0,832,832,-1,1,8674,2816,32,384,384,1
16,3,"[4, 512, 512, 3, 3, 0, 0, 0, 0, 0, 0, 0, 0, 0, 0, 4, 0, 0, 0, 0, 0, 0, 0, 0, 0, 0, 0, 0, 0, 0]",4608,128,2359296.0,18874372.0,1659468019,1659477281,1793783779,1793860994,0,928,928,-1,1,9262,77215,32,384,384,1
12,3,"[4, 512, 512, 3, 3, 0, 0, 0, 0, 0, 0, 0, 0, 0, 0, 4, 512, 512, 3, 3, 0, 0, 0, 0, 0, 0, 0, 0, 0, 0]",4608,128,2359296.0,28311552.0,1659563214,1659572493,1793861922,1793979168,0,832,832,-1,1,9279,117246,32,384,384,1
12,3,"[4, 512, 512, 3, 3, 0, 0, 0, 0, 0, 0, 0, 0, 0, 0, 4, 512, 512, 3, 3, 0, 0, 0, 0, 0, 0, 0, 0, 0, 0]",4608,128,2359296.0,28311552.0,1659657830,1659669764,1793980000,1794096543,0,992,992,-1,1,11934,116543,32,384,384,1
16,3,"[4, 512, 0, 0, 0, 0, 0, 0, 0, 0, 0, 0, 0, 0, 0, 4, 0, 0, 0, 0, 0, 0, 0, 0, 0, 0, 0, 0, 0, 0]",1,128,512.0,4100.0,1659755682,1659765165,1794097535,1794100863,0,1024,1024,-1,1,9483,3328,32,384,384,1
12,3,"[4, 512, 0, 0, 0, 0, 0, 0, 0, 0, 0, 0, 0, 0, 0, 4, 512, 0, 0, 0, 0, 0, 0, 0, 0, 0, 0, 0, 0, 0]",1,128,512.0,6144.0,1659849037,1659858077,1794101887,1794105119,0,960,960,-1,1,9040,3232,32,384,384,1
12,3,"[4, 512, 0, 0, 0, 0, 0, 0, 0, 0, 0, 0, 0, 0, 0, 4, 512, 0, 0, 0, 0, 0, 0, 0, 0, 0, 0, 0, 0, 0]",1,128,512.0,6144.0,1659945959,1659954881,1794106079,1794108895,0,832,832,-1,1,8922,2816,32,384,384,1
16,3,"[4, 512, 0, 0, 0, 0, 0, 0, 0, 0, 0, 0, 0, 0, 0, 4, 0, 0, 0, 0, 0, 0, 0, 0, 0, 0, 0, 0, 0, 0]",1,128,512.0,4100.0,1660039059,1660048469,1794109727,1794112511,0,1024,1024,-1,1,9410,2784,32,384,384,1
12,3,"[4, 512, 0, 0, 0, 0, 0, 0, 0, 0, 0, 0, 0, 0, 0, 4, 512, 0, 0, 0, 0, 0, 0, 0, 0, 0, 0, 0, 0, 0]",1,128,512.0,6144.0,1660132486,1660141327,1794113535,1794116511,0,896,896,-1,1,8841,2976,32,384,384,1
12,3,"[4, 512, 0, 0, 0, 0, 0, 0, 0, 0, 0, 0, 0, 0, 0, 4, 512, 0, 0, 0, 0, 0, 0, 0, 0, 0, 0, 0, 0, 0]",1,128,512.0,6144.0,1660226212,1660234828,1794117407,1794120223,0,832,832,-1,1,8616,2816,32,384,384,1
16,3,"[4, 512, 256, 1, 1, 0, 0, 0, 0, 0, 0, 0, 0, 0, 0, 4, 0, 0, 0, 0, 0, 0, 0, 0, 0, 0, 0, 0, 0, 0]",256,128,131072.0,1048580.0,1660320903,1660330103,1794121055,1794127199,0,864,864,-1,1,9200,6144,32,384,384,1
12,3,"[4, 512, 256, 1, 1, 0, 0, 0, 0, 0, 0, 0, 0, 0, 0, 4, 512, 256, 1, 1, 0, 0, 0, 0, 0, 0, 0, 0, 0, 0]",256,128,131072.0,1572864.0,1660416006,1660425744,1794128063,1794133694,0,832,832,-1,1,9738,5631,32,384,384,1
12,3,"[4, 512, 256, 1, 1, 0, 0, 0, 0, 0, 0, 0, 0, 0, 0, 4, 512, 256, 1, 1, 0, 0, 0, 0, 0, 0, 0, 0, 0, 0]",256,128,131072.0,1572864.0,1660511642,1660520541,1794134526,1794139966,0,864,864,-1,1,8899,5440,32,384,384,1
16,3,"[4, 512, 0, 0, 0, 0, 0, 0, 0, 0, 0, 0, 0, 0, 0, 4, 0, 0, 0, 0, 0, 0, 0, 0, 0, 0, 0, 0, 0, 0]",1,128,512.0,4100.0,1660606897,1660616220,1794140830,1794143678,0,832,832,-1,1,9323,2848,32,384,384,1
12,3,"[4, 512, 0, 0, 0, 0, 0, 0, 0, 0, 0, 0, 0, 0, 0, 4, 512, 0, 0, 0, 0, 0, 0, 0, 0, 0, 0, 0, 0, 0]",1,128,512.0,6144.0,1660701736,1660712722,1794144510,1794147358,0,1024,1024,-1,1,10986,2848,32,384,384,1
12,3,"[4, 512, 0, 0, 0, 0, 0, 0, 0, 0, 0, 0, 0, 0, 0, 4, 512, 0, 0, 0, 0, 0, 0, 0, 0, 0, 0, 0, 0, 0]",1,128,512.0,6144.0,1660799870,1660809331,1794148382,1794151198,0,896,896,-1,1,9461,2816,32,384,384,1
16,3,"[4, 512, 0, 0, 0, 0, 0, 0, 0, 0, 0, 0, 0, 0, 0, 4, 0, 0, 0, 0, 0, 0, 0, 0, 0, 0, 0, 0, 0, 0]",1,128,512.0,4100.0,1660895493,1660904728,1794152094,1794154878,0,864,864,-1,1,9235,2784,32,384,384,1
12,3,"[4, 512, 0, 0, 0, 0, 0, 0, 0, 0, 0, 0, 0, 0, 0, 4, 512, 0, 0, 0, 0, 0, 0, 0, 0, 0, 0, 0, 0, 0]",1,128,512.0,6144.0,1660989776,1660998912,1794155742,1794158590,0,1056,1056,-1,1,9136,2848,32,384,384,1
12,3,"[4, 512, 0, 0, 0, 0, 0, 0, 0, 0, 0, 0, 0, 0, 0, 4, 512, 0, 0, 0, 0, 0, 0, 0, 0, 0, 0, 0, 0, 0]",1,128,512.0,6144.0,1661084964,1661093606,1794159646,1794162462,0,864,864,-1,1,8642,2816,32,384,384,1
16,3,"[4, 512, 512, 3, 3, 0, 0, 0, 0, 0, 0, 0, 0, 0, 0, 4, 0, 0, 0, 0, 0, 0, 0, 0, 0, 0, 0, 0, 0, 0]",4608,128,2359296.0,18874372.0,1661180274,1661189576,1794163326,1794241629,0,992,992,-1,1,9302,78303,32,384,384,1
12,3,"[4, 512, 512, 3, 3, 0, 0, 0, 0, 0, 0, 0, 0, 0, 0, 4, 512, 512, 3, 3, 0, 0, 0, 0, 0, 0, 0, 0, 0, 0]",4608,128,2359296.0,28311552.0,1661274386,1661283499,1794242621,1794359451,0,801,801,-1,1,9113,116830,32,384,384,1
12,3,"[4, 512, 512, 3, 3, 0, 0, 0, 0, 0, 0, 0, 0, 0, 0, 4, 512, 512, 3, 3, 0, 0, 0, 0, 0, 0, 0, 0, 0, 0]",4608,128,2359296.0,28311552.0,1661370315,1661379064,1794360252,1794476602,0,864,864,-1,1,8749,116350,32,384,384,1
16,3,"[4, 512, 0, 0, 0, 0, 0, 0, 0, 0, 0, 0, 0, 0, 0, 4, 0, 0, 0, 0, 0, 0, 0, 0, 0, 0, 0, 0, 0, 0]",1,128,512.0,4100.0,1661465262,1661474912,1794477466,1794480762,0,1056,1056,-1,1,9650,3296,32,384,384,1
12,3,"[4, 512, 0, 0, 0, 0, 0, 0, 0, 0, 0, 0, 0, 0, 0, 4, 512, 0, 0, 0, 0, 0, 0, 0, 0, 0, 0, 0, 0, 0]",1,128,512.0,6144.0,1661559146,1661568413,1794481818,1794485018,0,928,928,-1,1,9267,3200,32,384,384,1
12,3,"[4, 512, 0, 0, 0, 0, 0, 0, 0, 0, 0, 0, 0, 0, 0, 4, 512, 0, 0, 0, 0, 0, 0, 0, 0, 0, 0, 0, 0, 0]",1,128,512.0,6144.0,1661653426,1661662223,1794485946,1794488794,0,832,832,-1,1,8797,2848,32,384,384,1
16,3,"[4, 512, 0, 0, 0, 0, 0, 0, 0, 0, 0, 0, 0, 0, 0, 4, 0, 0, 0, 0, 0, 0, 0, 0, 0, 0, 0, 0, 0, 0]",1,128,512.0,4100.0,1661746975,1661758342,1794489626,1794492378,0,896,896,-1,1,11367,2752,32,384,384,1
12,3,"[4, 512, 0, 0, 0, 0, 0, 0, 0, 0, 0, 0, 0, 0, 0, 4, 512, 0, 0, 0, 0, 0, 0, 0, 0, 0, 0, 0, 0, 0]",1,128,512.0,6144.0,1661844136,1661853502,1794493274,1794496090,0,832,832,-1,1,9366,2816,32,384,384,1
12,3,"[4, 512, 0, 0, 0, 0, 0, 0, 0, 0, 0, 0, 0, 0, 0, 4, 512, 0, 0, 0, 0, 0, 0, 0, 0, 0, 0, 0, 0, 0]",1,128,512.0,6144.0,1661941310,1661950171,1794496922,1794499706,0,864,864,-1,1,8861,2784,32,384,384,1
16,3,"[4, 512, 512, 3, 3, 0, 0, 0, 0, 0, 0, 0, 0, 0, 0, 4, 0, 0, 0, 0, 0, 0, 0, 0, 0, 0, 0, 0, 0, 0]",4608,128,2359296.0,18874372.0,1662036810,1662046424,1794500570,1794577817,0,960,960,-1,1,9614,77247,32,384,384,1
12,3,"[4, 512, 512, 3, 3, 0, 0, 0, 0, 0, 0, 0, 0, 0, 0, 4, 512, 512, 3, 3, 0, 0, 0, 0, 0, 0, 0, 0, 0, 0]",4608,128,2359296.0,28311552.0,1662133735,1662142685,1794578777,1794695767,0,896,896,-1,1,8950,116990,32,384,384,1
12,3,"[4, 512, 512, 3, 3, 0, 0, 0, 0, 0, 0, 0, 0, 0, 0, 4, 512, 512, 3, 3, 0, 0, 0, 0, 0, 0, 0, 0, 0, 0]",4608,128,2359296.0,28311552.0,1662229142,1662238129,1794696663,1794814550,0,832,832,-1,1,8987,117887,32,384,384,1
16,3,"[4, 512, 0, 0, 0, 0, 0, 0, 0, 0, 0, 0, 0, 0, 0, 4, 0, 0, 0, 0, 0, 0, 0, 0, 0, 0, 0, 0, 0, 0]",1,128,512.0,4100.0,1662324036,1662333489,1794815382,1794818710,0,896,896,-1,1,9453,3328,32,384,384,1
12,3,"[4, 512, 0, 0, 0, 0, 0, 0, 0, 0, 0, 0, 0, 0, 0, 4, 512, 0, 0, 0, 0, 0, 0, 0, 0, 0, 0, 0, 0, 0]",1,128,512.0,6144.0,1662417763,1662426736,1794819606,1794822774,0,928,928,-1,1,8973,3168,32,384,384,1
12,3,"[4, 512, 0, 0, 0, 0, 0, 0, 0, 0, 0, 0, 0, 0, 0, 4, 512, 0, 0, 0, 0, 0, 0, 0, 0, 0, 0, 0, 0, 0]",1,128,512.0,6144.0,1662519174,1662528421,1794823702,1794826550,0,832,832,-1,1,9247,2848,32,384,384,1
16,3,"[4, 512, 0, 0, 0, 0, 0, 0, 0, 0, 0, 0, 0, 0, 0, 4, 0, 0, 0, 0, 0, 0, 0, 0, 0, 0, 0, 0, 0, 0]",1,128,512.0,4100.0,1662615567,1662624986,1794827382,1794830165,0,865,865,-1,1,9419,2783,32,384,384,1
12,3,"[4, 512, 0, 0, 0, 0, 0, 0, 0, 0, 0, 0, 0, 0, 0, 4, 512, 0, 0, 0, 0, 0, 0, 0, 0, 0, 0, 0, 0, 0]",1,128,512.0,6144.0,1662848946,1662860821,1794831030,1794833813,0,864,864,-1,1,11875,2783,32,384,384,1
12,3,"[4, 512, 0, 0, 0, 0, 0, 0, 0, 0, 0, 0, 0, 0, 0, 4, 512, 0, 0, 0, 0, 0, 0, 0, 0, 0, 0, 0, 0, 0]",1,128,512.0,6144.0,1662950942,1662962900,1794834677,1794837494,0,799,799,-1,1,11958,2817,32,384,384,1
16,3,"[4, 808, 512, 0, 0, 0, 0, 0, 0, 0, 0, 0, 0, 0, 0, 4, 0, 0, 0, 0, 0, 0, 0, 0, 0, 0, 0, 0, 0, 0]",808,128,413696.0,3309572.0,1663053861,1663063964,1794838293,1794852501,0,928,928,-1,1,10103,14208,32,384,384,1
12,3,"[4, 808, 512, 0, 0, 0, 0, 0, 0, 0, 0, 0, 0, 0, 0, 4, 808, 512, 0, 0, 0, 0, 0, 0, 0, 0, 0, 0, 0, 0]",808,128,413696.0,4964352.0,1663151274,1663160418,1794853429,1794863317,0,864,864,-1,1,9144,9888,32,384,384,1
12,3,"[4, 808, 512, 0, 0, 0, 0, 0, 0, 0, 0, 0, 0, 0, 0, 4, 808, 512, 0, 0, 0, 0, 0, 0, 0, 0, 0, 0, 0, 0]",808,128,413696.0,4964352.0,1663247435,1663256629,1794864181,1794877461,0,864,864,-1,1,9194,13280,32,384,384,1
16,3,"[4, 808, 0, 0, 0, 0, 0, 0, 0, 0, 0, 0, 0, 0, 0, 4, 0, 0, 0, 0, 0, 0, 0, 0, 0, 0, 0, 0, 0, 0]",2,128,808.0,6468.0,1663342146,1663351643,1794878325,1794881365,0,832,832,-1,1,9497,3040,32,384,384,1
12,3,"[4, 808, 0, 0, 0, 0, 0, 0, 0, 0, 0, 0, 0, 0, 0, 4, 808, 0, 0, 0, 0, 0, 0, 0, 0, 0, 0, 0, 0, 0]",2,128,808.0,9696.0,1663436859,1663445949,1794882197,1794885205,0,864,864,-1,1,9090,3008,32,384,384,1
12,3,"[4, 808, 0, 0, 0, 0, 0, 0, 0, 0, 0, 0, 0, 0, 0, 4, 808, 0, 0, 0, 0, 0, 0, 0, 0, 0, 0, 0, 0, 0]",2,128,808.0,9696.0,1663530806,1663539586,1794886069,1794889013,0,0,0,-1,1,8780,2944,32,384,384,1
